序號,案件名稱,最終違約金類型,案件類型數字
1,案件_1,"根據提供的判決書內容，這屬於**損害賠償性編號2**。

雖然判決書中涉及「逾期違約金」，且金額看似較高 (1,136萬元)，但法院最終將其裁定為568萬元，並考量了原告實際遭受的損害（343萬8,678元），以及被告違約的具體情狀（高程放樣錯誤導致的延誤）。法院並非單純地對被告進行懲罰，而是基於實際損害及違約責任，對違約金金額進行了酌減，最終判決金額與實際損害有著較為密切的關聯性。  法院的判決考慮了多種因素，並未單純以懲罰為目的。  因此，儘管初始的違約金條款看似懲罰性，但法院的最終裁決更接近損害賠償的性質。
",2
2,案件_2,"根據提供的法院判決書內容，最終判決結果顯示，沛鑫包裝科技股份有限公司（反訴原告）獲得新台幣16,147,275元之給付，並取得使用執照。此金額包含了泰亞營造股份有限公司（反訴被告）工程瑕疵扣款以及逾期違約金。法院明確指出，逾期違約金部分，考量到契約約定過高，依民法第252條減至相當數額（30,000,000元），但最終判決金額低於此數額，且與工程瑕疵扣款相加後得出最終金額。

雖然契約中提及「懲罰性違約金」，但法院並未全數支持此懲罰性違約金的請求，而是依法減至合理範圍內，並將其與其他實際損害賠償（工程瑕疵）一併計算。因此，最終的判決結果更接近**損害賠償性編號2**。  法院的判決是基於對雙方權利義務的衡量和法律規定，而非單純的懲罰。
",2
3,案件_3,"這份判決書內容屬於**損害賠償性編號2**。

雖然判決書中提及違約金，並且計算了相當高的金額（2,721,400元），但法院最終將違約金酌減至53萬元，並說明此金額為考量原告因被告履約與否之利益得失及一切主客觀情事後，基於公平原則所作出的決定。  法院的裁決並非以懲罰被告為目的，而是基於契約約定並考量實際損害後，對損害進行賠償的計算。  法院明確指出違約金條款是「損害賠償預定性質」，而非懲罰性違約金。  此外，法院也駁回了原告請求額外法定遲延利息的要求，進一步說明判決的著眼點在於賠償實際損失，而非額外懲罰。  雖然初始計算的違約金金額很高，但法院的最終裁決及理由更符合損害賠償的性質。
",2
4,案件_4,"本判決中涉及的金額計算方式，包含了工程款、追加工程款、保留款、借款、代墊款以及違約金等多項內容，並非單純的懲罰性或損害賠償性違約金。  然而，就判決中涉及的「逾期罰款」和「商譽損失賠償金」而言，法院認定其屬於違約金性質，但因金額過高，法院依民法第252條、第251條，以及最高法院相關判例，將其酌減至相當數額。  這顯示，雖然契約中最初約定的違約金可能具有懲罰性（超過損害的合理比例），但法院最終判決是基於對實際損害的考量而進行調整，使其更接近損害賠償的性質。

因此，考慮到法院的最終判決結果，選擇 **損害賠償性編號2** 更為貼切。  雖然過程中存在懲罰性違約金的約定，但最終判決結果是根據實際損失進行調整的。
",2
5,案件_5,"根據提供的判決書內容，案件爭議點在於工程保固保證金的返還。判決結果是判決被上訴人（國防部政治作戰局）應給付上訴人（鉅明營造股份有限公司）新台幣820萬2,273元，這是扣除保固期間瑕疵修復費用後的剩餘保證金。

這符合**損害賠償性編號2** 的特徵：

* **補償由違約行為所造成的實際損失。**:  判決書中明確指出，820萬2,273元是扣除瑕疵修復費用後剩下的保固保證金，旨在補償鉅明營造的實際損失。
* **金額與實際損失相符**:  判決經過計算，明確說明金額的來源和計算方式，與實際損失掛鉤。
* **設定目的是賠償由違約行為引起的實際損失，而非對違約方進行懲罰**: 判決的目的是解決保固保證金的返還問題，並非對國防部進行額外懲罰。

雖然判決書中提到「懲罰性違約金」，但那是針對履約保證金，而非本案爭議的保固保證金。  判決書明確區分了履約保證金和保固保證金的不同性質，並駁回了國防部將兩者混淆的抗辯。因此，本案判決的核心仍然是關於損害賠償，而非懲罰。

因此，本案最接近的分類是**損害賠償性編號2**。
",2
6,案件_6,"根據提供的判決書內容，此案件屬於**損害賠償性編號2**。

判決書中，法院計算了原告因遲延交貨和產品瑕疵應負擔的違約金，但最終金額是基於實際的遲延天數和瑕疵產品數量計算，並考量了民法第252條關於違約金過高的酌減規定，最終判決原告需支付的金額並非遠超過其實際損失的範圍。法院的計算方法是基於契約中約定的違約金計算方式，並非單純的懲罰，而是試圖量化原告違約行為造成的實際損失。  雖然契約中使用了「懲罰性違約金」的字眼，但法院的判決結果並未完全採用契約中約定的懲罰性違約金計算方式，而是進行了酌減和調整，使其更符合實際損害賠償的原則。因此，更接近損害賠償性的分類。
",2
7,案件_7,"根據判決書內容，法院認定甲約（原告與世盛間的契約）因借牌而無效，實際有效的契約是丙約（原告與韓世傑間的契約），而丙約並無違約金條款。法院判決被告韓世傑返還原告140萬7,000元，此金額是基於不當得利(民法第179條)，代表韓世傑已領取超出實際完成工程價值的款項。  這個金額是基於實際損失計算，而非懲罰。

因此，判決結果最接近**損害賠償性編號2**。  雖然判決書提及甲約中的違約金條款，但法院已認定該條款無效，且判決結果與該條款無關。  判決的金額是基於計算實際損失（不當得利）而得出的。
",2
8,案件_8,"根據提供的判決書內容，這屬於**損害賠償性編號2**。

判決書詳細審理了原告（承攬商）和被告（國立臺灣師範大學）之間的工程款糾紛，並逐條分析了原告的各種請求，例如已完成工程款、材料費、訂金、以及因契約終止而產生的損失。法院最終判決被告應支付原告部分款項及利息，這些款項金額與原告實際的工程進度、支出以及因契約終止所造成的直接損失相關，並非額外的罰款或懲罰性賠償。  雖然判決書中提及「逾期違約金」，但法院最後認定因契約在預定竣工日前已被終止，故此部分不予計算。  整體而言，法院的判決旨在補償原告的實際損失，而非對違約方進行懲罰。
",2
9,案件_9,"根據提供的判決書內容，這屬於**損害賠償性編號2**。

雖然判決書中涉及金額的計算和扣抵，以及違約方的違約行為導致的後續修復費用，但這些金額的計算都是基於實際損失的考量，並非單純的懲罰性罰款。法院根據契約條款，審理了工程款的支付、保證金的返還，以及因違約方施工瑕疵造成的損失計算，並最終將這些損失與違約方應得款項進行抵銷。  整個過程都是為了補償因違約行為造成的實際損失，而非額外懲罰。  雖然被上訴人提出的修復費用金額龐大，但法院在計算時也考慮了物價指數的調整以及瑕疵部分與整體工程的比例關係，力求計算的合理性。  這與懲罰性違約金的定義不符。
",2
10,案件_10,"根據提供的判決書內容，契約中關於「每逾期1日科罰總工程款3%」的條款被法院認定為**懲罰性違約金 (編號1)**。

判決書中明確指出：「兩造以桃園工程採購單注意事項所約定「進度需配合現場，每逾期1日科罰總工程款3%」之契約罰款，係指懲罰性違約金性質。」  法院採納了雙方對此條款性質的共識，並未將其視為損害賠償。  因此，即使判決書最終判決金額與實際損失有一定程度的關聯，但該逾期罰款條款本身的性質仍然被認定為懲罰性的。
",0
11,案件_11,"根據提供的判決書內容，此判決屬於**損害賠償性編號2**。

判決書中，法院詳細審理了雙方因工程契約糾紛而產生的損失，並基於實際損害，判決被告（空軍第六基地勤務大隊）應賠償原告（盛堂營造有限公司）新台幣2,339萬6,902元及利息。  這個金額是經過法院審理，考量工程進度、實際支出、重購工程價差等因素後，所判決的實際損失賠償，而非額外懲罰。  雖然金額看似巨大，但判決書中詳盡的計算過程說明了其與實際損失的關聯性。  此外，判決書也考量了原告的過失及其他因素進行了抵銷，更能說明其本質是損害賠償而非懲罰。


判決書中提及的違約金計算方式，雖然看起來像是懲罰性的，但法院最終並未以此計算賠償金額，而是基於實際損害進行審理，並未單純依據契約中的違約金條款判決。  因此，整體而言，更符合損害賠償的定義。
",2
12,案件_12,"根據提供的判決書內容，違約金部分應歸類為**損害賠償性編號2**。

理由如下：

* **契約明確約定違約金計算方式：**契約第14條第2項明確規定違約金計算方式為「每日實際工程費用之千分之三」，並以契約總價的5%為上限。此計算方式與實際損失（未付款項）直接相關，而非一個預設的固定懲罰金額。

* **違約金金額與實際損失有合理關聯：** 違約金的計算基於未支付的工程款，並設有上限，這符合損害賠償的原則，旨在補償因違約造成的實際經濟損失。雖然判決書中計算的違約金已達上限，但這並非因為其具有懲罰性質，而是因為實際遲延時間超過了上限計算範圍。

* **判決書的認定：** 判決書中法官明確指出，系爭契約關於違約金之約定屬於「賠償總額預定性之違約金」，而非懲罰性違約金。這進一步支持了將其歸類為損害賠償性的結論。


雖然違約金金額相對較高，但由於其計算方式與實際損失掛鉤，且有明確的上限，因此更接近損害賠償性違約金，而非懲罰性違約金。  懲罰性違約金通常會遠超過實際損失，且缺乏明確的計算標準。  本案違約金雖然達到上限，但上限本身是與實際損失相關的百分比，而非一個獨立於損失之外的懲罰數額。
",2
13,案件_13,"根據提供的判決書內容，此違約金應屬於**損害賠償性編號2**。

判決書中明確指出，契約約定違約金200萬元是作為「損害賠償總額」，而非懲罰性違約金。法院也基於此點，考量實際損害（2萬3,628元的分潤損失），將違約金酌減至15萬元。  雖然15萬元遠高於實際損失，但法院的判斷是基於「損害賠償總額」的性質，並考量了其他因素（例如，迪品工作室隱瞞簽約事實等），最終裁定此金額為合適的損害賠償，而非懲罰。  因此，儘管金額較高，但判決的邏輯更符合損害賠償的性質，而非懲罰性違約金。
",2
14,案件_14,"根據判決書內容，此案例屬於**損害賠償性編號2**。

判決書中，原告請求被告支付129萬4348元，包含100萬元懲罰性違約金及29萬4348元損害賠償。然而，法院最終駁回了原告的所有請求，並說明了駁回的原因：

1. **競業禁止約款無效:** 法院認定原告與被告簽訂的離職契約書及僱傭契約書中關於競業禁止的條款因原告未給予被告合理補償而無效。因此，基於該條款請求的100萬元懲罰性違約金不成立。

2. **未證明損害及因果關係:**  法院認為原告未能證明被告的行為造成了實際的損害，以及損害與被告行為之間的直接因果關係。尤其在29萬4348元損害賠償的部分，法院認為原告未舉證調降管理費用一事究竟造成何種損害，且許公館案的監工管理費調降已獲得原告同意。

儘管原告請求中包含了懲罰性違約金，但法院的判決並未支持這部分的請求，而是基於原告未能證明其實際損害和被告行為之間的因果關係而駁回。  因此，儘管契約中出現了懲罰性違約金的條款，但最終判決結果更符合損害賠償性的特徵。  法院主要審理的是原告聲稱的實際損失，並最終認定原告未能舉證證明其損失。
",2
15,案件_15,"此判決書內容屬於**損害賠償性編號2**。

判決書中，法院判決錦鋐企業股份有限公司應給付達信營造股份有限公司新臺幣壹仟伍佰壹拾捌萬伍仟柒佰陸拾陸元，以及利息。這個金額是基於達信公司已完成的工作，並根據雙方簽訂的工程契約計算的報酬及部分薪資。法院詳細審理了雙方爭議，包括工程進度、瑕疵、契約終止等，並根據契約條款和民法相關規定，計算出錦鋐公司應支付的金額。  雖然判決書中提到系爭契約第20條的懲罰性違約金，但法院並未以此為基礎進行判決，而是基於實際損失進行賠償計算。  因此，判決結果更接近損害賠償的性質，而非懲罰性違約金。  法院判決的金額並非一個預設的固定數額，而是經過詳細計算得出的。
",2
16,案件_16,"這份判決書的內容屬於**損害賠償性編號2**。

判決書中，法院判決錦鋐企業股份有限公司應給付達信營造股份有限公司新台幣壹仟伍佰壹拾捌萬伍仟柒佰陸拾陸元，以及利息。  這個金額是基於達信公司已完成的工程，按契約約定的成本加報酬方式計算，並扣除了錦鋐公司已支付的部分。  雖然判決書中提到了契約中關於逾期罰款的條款，但法院並未以此作為判決的依據，而是基於實際損失進行了損害賠償的計算。  法院仔細審查了雙方提出的證據和抗辯，最終判決的金額與達信公司實際完成的工程量和契約約定相符。  因此，這更符合損害賠償的性質，而非懲罰性違約金。  判決中關於假執行部分，是為了確保判決結果的執行，而非額外的懲罰。
",2
17,案件_17,"考量判決書中，法院認定合議書中約定的105萬元違約金為懲罰性違約金，但因金額過高，予以減至24萬元。  雖然最終判決金額較低，但起初約定的違約金性質以及法院的認定都指向**懲罰性編號1**。  法院的減額行為是基於法律規定，而非改變違約金的本質。因此，最接近的分類為**懲罰性編號1**。
",1
18,案件_18,"根據判決書內容，19萬3554元中包含6萬4518元的不當得利（相當於租金）以及12萬9036元的遲延費用，此遲延費用是契約約定每日租金總額的兩倍，判決書中明確指出此費用「性質上應屬懲罰性違約金」。因此，此部分應歸類為**懲罰性編號1**。

而185萬3438元的賠償，是基於承租人未盡保管義務導致鋼材毀損或遺失的損害賠償，金額計算方式也基於契約約定的賠償單價，雖然加計了營業稅，但其本質是針對實際損失的賠償。因此，此部分應歸類為**損害賠償性編號2**。


總體而言，此判決書同時包含了懲罰性與損害賠償性質的賠償金額。  需要分別判斷。
",2
19,案件_19,"根據提供的法院判決書內容，此判決涉及的違約金性質最接近**懲罰性編號1**。

判決書中提及系爭契約約定，若材料材質不符規定，除該不符合部分材料不予計價外，「並依該不符合材料價金之10%作為該項缺失之懲罰性違約金」。  法院最終判決被上訴人(經濟部水利署)可獲得50萬元懲罰性違約金。雖然法院有提到民法第252條，可以酌減違約金，但並沒有實際減低金額，仍然維持了契約中約定的懲罰性違約金比例。  此金額與實際損失（1040萬元）的比例並非合理賠償範圍，而是作為對違約行為的懲罰。  雖然判決書中也涉及工程款的返還，但這屬於損害賠償的一部分，而非懲罰性違約金的重點。  因此，整體而言，判決中關於違約金的部分更符合懲罰性違約金的定義。
",1
20,案件_20,"這份判決書的內容最接近**損害賠償性編號2**。

雖然判決書中涉及「逾期違約金」，但法院最終判決原告勝訴，並僅要求被告返還原告因「溢扣」的逾期違約金75,900元。  這個金額是基於被告錯誤計算的逾期天數而產生的，並非對違約行為本身的額外懲罰，而是對實際損失的補償。  法院也明確審查了原告主張的各種展延事由，並逐一判斷其合理性，最終只認定部分展延請求有效，並據此計算了應返還的金額。  這符合損害賠償性違約金的特性，即補償因違約行為造成的實際損失。  而法院駁回了原告要求將違約金酌減至0元的請求，也間接說明法院認為約定的違約金機制本身並非懲罰性，而是損害賠償性的。
",2
21,案件_21,"根據提供的判決書內容，此判決結果應歸類為**損害賠償性編號2**。

雖然判決金額（788萬6,309元）看似很高，但判決書詳細列出了各項損害賠償的計算依據，並非單純的懲罰性違約金。這些依據包含：

* **系爭建物大門修補費用 (112萬5,342元):**  基於被告的施工瑕疵，原告自行修復並請求償還費用，屬於實際損失的補償。法院也詳細審理了雙方在修補過程中的協商和責任歸屬。

* **逾期違約金 (568萬元):**  雖然契約原本約定逾期違約金為1,136萬元，但法院考量到實際損害（原告因延誤造成的損失343萬8,678元）及其他情狀（例如瑕疵影響工期），將違約金減半至568萬元。這仍然是基於實際損害和違約情狀的賠償，而非純粹的懲罰。

* **重複收取之追加工程款 (108萬0,967元):**  這部分屬於不當得利返還，是基於被告重複收取款項的事實，而非懲罰性措施。


總體而言，雖然最終判決金額較高，但法院的判決過程是基於對各項損害的細緻計算和責任判斷，並考量了民法相關條款，最終金額是多項損害賠償的總和，並非單純的懲罰性賠償。因此，更貼近損害賠償性的定義。  法院也明確說明了對違約金的酌減理由，並非簡單地認定為懲罰性違約金。
",2
22,案件_22,"根據提供的法院判決書內容，案件的判決結果顯示反訴原告沛鑫包裝科技股份有限公司獲得新台幣16,147,275元的賠償，以及使用執照的返還。法院判決書中詳細論述了工程瑕疵、工期延誤等問題，並基於這些事實進行損害賠償的計算，並考量了契約中關於逾期違約金的條款，但最終將違約金金額減至合理的範圍(3000萬元, 但考量抵銷後實際判決金額為16,147,275元)。  雖然契約中存在懲罰性違約金條款，但法院並未完全採納，而是依據實際損害進行考量和裁決。

因此，儘管契約內容包含懲罰性違約金條款的元素，但整體判決結果更趨近於**損害賠償性編號2**。  法院的判決是基於實際的損害賠償和違約責任來計算賠償金額，而非單純對違約方進行懲罰。
",2
23,案件_23,"根據提供的判決書內容，此案件屬於**損害賠償性編號2**。

雖然判決書中提及違約金，但法院最終將違約金的計算方式認定為損害賠償的預定，並依法酌減至53萬元，而非以懲罰性違約金的標準處理。法院的判決也基於實際損失及契約內容，考量到契約履行過程中的延宕與實際交付的款項，最終判決被告應支付的金額也與實際損失較為接近。  因此，更接近損害賠償的性質，而非懲罰。
",2
24,案件_24,"根據提供的法院判決書內容，案件涉及的是**損害賠償性編號2**。

判決書中，雙方爭議的焦點在於工程款項的計算和支付，被告主張原告有未完成工程、工程瑕疵等問題，應予以扣款，並主張違約金。而原告則主張有額外的工程款項應支付，並以抵銷主張系爭支付命令的債權不存在。

判決書最終的判斷是基於雙方契約條款、工程實際完成情況、以及雙方提供的證據來計算工程款項，並考量被告的損失（未完成工程、瑕疵修補等）來扣除原告應得的款項。法院明確地對雙方提出的款項進行了逐項審查和計算，並根據實際損失情況調整了違約金的數額，最後判決原告敗訴。

雖然判決書中提到了違約金，但法院並未直接採用契約中約定的違約金數額，而是根據實際情況進行了酌減，使其與實際損失相符，這符合損害賠償的原則，而非懲罰性違約金的性質。  因此，儘管有違約金的討論，但整體來看，判決的過程和結果更符合損害賠償性違約金的認定標準。
",2
25,案件_25,"根據提供的判決書內容，這屬於**損害賠償性編號2**。

判決書的核心在於釐清工程保固保證金的退還問題。法院審理後，判定被上訴人（國防部政治作戰局）應退還上訴人（鉅明營造）部分保固保證金，扣除已因工程瑕疵動用的部分。  判決金額820萬2,273元，是基於實際損失（扣除瑕疵修復費用後的保證金餘額）計算所得，而非額外懲罰。  法院的判決是根據契約條款及誠信原則，對實際損失進行補償，符合損害賠償性的定義。  雖然判決書中提到「懲罰性違約金」，但那是被上訴人提出的抗辯理由，並未被法院採納。法院最終的判決結果是基於損害賠償的原則。
",2
26,案件_26,"判決書內容屬於**損害賠償性編號2**。

雖然判決書中提及「懲罰性違約金」，並計算了原告遲延交貨的違約金，但法院最終考量了多種因素，例如：

* **瑕疵比例不高:** 系爭設備684組，僅29組有瑕疵，且大部分瑕疵在較短時間內得到修復。
* **原告承攬部分工作:** 原告僅承攬部分工程，而非整個專案。
* **民法第252條的適用:** 法院援引民法第252條，將原告應負擔的違約金酌減至與實際損失較為相符的金額。

因此，法院最終判決的金額（91萬6,398元）是基於實際損失和違約責任後，經過法院酌減後得出的結果，更接近損害賠償的性質，而非單純的懲罰。  法院的酌減行為直接體現了對懲罰性違約金的限制和對損害賠償原則的遵循。
",2
27,案件_27,"根據提供的判決書內容，法院判決被告韓世傑應返還原告新臺幣140萬7,000元，這是基於**民法第179條不當得利**的規定。  判決書明確指出這是因為被告已領取超過實際完成工程價值的款項。  

法院駁回了原告請求被告支付違約金的請求，因為法院認為雙方實際的承攬契約（丙約）中並沒有違約金的約定，且甲約因借牌而認定無效。  因此，這140萬7,000元的金額是基於實際損失（溢付工程款）的計算，而非懲罰性違約金。


因此，選擇**損害賠償性編號2**。
",2
28,案件_28,"根據提供的判決書內容，此判決屬於**損害賠償性編號2**。

判決書詳細審理了雙方在工程契約中的爭議，並逐條分析了原告提出的各項損失賠償請求。法院根據契約條款以及民法相關規定，認定被告終止契約的行為屬於民法第511條規定的任意終止，因此被告應賠償原告因契約終止而發生的實際損失。  法院計算並判決原告可以獲得的金額，是基於原告已完成的工程款、保留款、以及因被告違約而產生的部分額外費用（例如施工架結構計算費用），這些都與原告的實際損失直接相關。  雖然金額累計較高，但法院的計算過程清晰，並非單純的罰款或懲罰性違約金，而是基於實際損害的賠償。  法院也駁回了原告其他與實際損失無直接關聯的請求，例如所失利益。

因此，儘管金額看起來可能較高，但其依據是對原告實際損失的計算與認定，符合損害賠償的定義，而非懲罰性違約金。
",2
29,案件_29,"根據提供的內容，此判決中涉及的金額計算方式更傾向於**損害賠償性編號2**。

雖然契約中提及終止契約後，可從履約保證金和工程款中扣除被上訴人委託第三方修補工程的費用，這部分看似有懲罰性的意味。但法院的判決是基於實際損失進行計算，並非單純的罰金。法院詳細審核了上訴人已完成但有瑕疵的工作，計算了應付的工程款，並扣除因上訴人違約導致被上訴人需額外支付的修補費用。這個扣除的費用是基於上訴人違約造成的實際損失，而非額外懲罰。  最終計算出的金額是基於雙方契約、實際完成工程量、瑕疵工程的修補費用等多方面因素綜合考量後的結果，力求反映實際損失。

雖然契約條款中存在一些可能被解讀為懲罰性條款的描述，但法院的判決過程著重於計算實際損失，並非僅依據懲罰性條款直接判決特定金額。因此，整體判斷更符合損害賠償性的定義。
",2
30,案件_30,"本判決書內容顯示，契約中關於「每逾期1日科罰總工程款3%」的條款被法院認定為**懲罰性違約金（編號1）**。  雖然判決最後是基於實際損失計算工程款，但法院明確指出契約中的罰款條款性質為懲罰性，而非損害賠償性。因此，選擇**懲罰性編號1**更為貼切。
",1
31,案件_31,"根據提供的法院判決書內容，判決結果屬於**損害賠償性編號2**。

判決書詳細描述了雙方爭議的起因、經過和證據，並基於系爭契約及相關法律規定，認定空軍第六基地勤務大隊（被告）應賠償盛堂營造有限公司（原告）的損失。判決金額2,339萬6,902元，是法院根據雙方提供的證據，並考量工程會鑑定、建築師公會鑑定等專業意見後，計算出的實際損失，而非額外罰金或懲罰。  雖然金額龐大，但判決書中詳細說明了計算依據，並非單純的懲罰性賠償。  法院也駁回了原告部分請求及被告的反訴部分請求，進一步說明判決基於損害賠償的原則。  因此，此判決最符合損害賠償性的描述。
",2
32,案件_32,"根據提供的判決書內容，**違約金部分應歸類為損害賠償性編號2**。

判決書中明確指出，系爭契約第14條第2項約定的違約金，**並非懲罰性違約金，而是賠償總額預定性之違約金**。法院也根據此條款計算了違約金金額，並非單純的懲罰性罰款，而是基於實際情況和契約條款進行的計算，與實際損失有所連結。雖然違約金金額（16萬2,750元）看似較高，但法院的判決理由中詳細說明了計算方式，並考量了違約時間長度以及未支付工程款的金額，最終裁定符合契約約定的最高上限。  因此，其性質更偏向於損害賠償，而非單純懲罰。
",2
33,案件_33,"根據提供的判決書內容，這屬於**損害賠償性編號2**。

雖然契約約定違約金為200萬元，但法院最終判決僅需支付15萬元。法院的判決理由是：

1. **法院認定違約金性質為損害賠償預定性：** 法院明確指出，契約中200萬元違約金並無懲罰性質，而是作為損害賠償的預定總額。

2. **金額與實際損失有關聯：** 法院考量了迪品工作室違約行為造成的實際損失（2萬3,628元的分潤），並根據此損失，將違約金酌減至15萬元。雖然15萬元遠高於2萬3,628元，但法院的判斷依據是考量到整體的商業損失與情狀，而非單純的懲罰。

3. **法院的酌減行為：**  法院並未單純執行契約約定的200萬元違約金，而是根據比例原則及實際損害情況，將其大幅度酌減，這也符合損害賠償的性質。

因此，儘管契約初始約定金額高，但最終法院的判決結果和理由更傾向於損害賠償的性質，而非懲罰性違約金。
",2
34,案件_34,"根據判決書內容，該判決認定契約中的違約金條款（100萬元）為**懲罰性違約金編號1**，但因契約違反勞基法第9條之1而無效，因此原告請求給付違約金的訴訟請求被駁回。

判決書中明確指出，離職契約書第2條和雇用契約書第5條的保密條款，實際上構成勞基法第9條之1規範的離職後競業禁止條款，且原告未給予被告合理補償，因此該條款無效。  雖然契約中約定100萬元的懲罰性違約金，但因約定本身無效，所以不屬於損害賠償的範疇。  判決書也駁回了原告關於其他損害賠償的請求 (29萬4348元)。

因此，雖然契約中存在懲罰性違約金的約定，但因法律原因而失效，最接近的分類是**懲罰性編號1**。
",1
35,案件_35,"這份判決書描述的是**損害賠償性編號2**。

判決書的核心在於計算達信營造股份有限公司（下稱達信公司）因錦鋐企業股份有限公司（下稱錦鋐公司）終止契約而應獲得的賠償。判決書仔細審查了雙方契約、雙方主張，並考量了工程進度、瑕疵等因素，最終判決錦鋐公司需支付達信公司新台幣壹仟伍佰壹拾捌萬伍仟柒佰陸拾陸元，以及利息。  這個金額是基於達信公司已完成的工作以及錦鋐公司單方面終止契約所造成的損失計算得來，而非額外懲罰。  雖然判決書中提到了系爭契約第20條的懲罰性違約金，但最終判決並沒有應用此條款，而是基於實際損失進行賠償。  判決書中也詳細說明了錦鋐公司提出的抵銷抗辯，並逐一駁回，更突顯了判決結果的損害賠償性質。
",2
36,案件_36,"根據提供的判決書內容，判決結果屬於**損害賠償性編號2**。

判決書中，法院判決錦鋐企業股份有限公司應給付達信營造股份有限公司新臺幣壹仟伍佰壹拾捌萬伍仟柒佰陸拾陸元，以及利息。這筆款項是基於達信公司已完成之工作，並依據雙方契約約定計算的工程款及人員薪資，屬於對實際損失的補償。法院仔細審查了雙方契約，以及達信公司是否違約，並考量了錦鋐公司終止契約的正當性，最終判決的金額並非懲罰性違約金，而是基於實際損失而作出的賠償。  雖然判決書中提及系爭契約第20條的懲罰性違約金，但法院並未以此為依據做出判決，而是根據已完成工作的報酬和實際損失進行計算。  因此，最終判決結果更接近損害賠償的性質。
",2
37,案件_37,"根據提供的判決書內容，最終法院判決被告應給付原告新台幣555,000元，此金額是法院在考量原合約中約定的「3倍懲罰性違約金」過高後，依據實際損害（未付尾款24萬元、合理的律師費用75,000元，以及因違約造成的損失24萬元）酌減後的結果。

雖然合約中存在懲罰性違約金的約定(105萬元)，但法院並未全數支持，而是根據民法相關規定，將其酌減至一個與實際損失較為符合的金額。因此，儘管合約中有懲罰性違約金的約定，但最終判決結果更接近**損害賠償性編號2**。  法院的裁決目的在於補償原告的實際損失，而非單純對違約方進行懲罰。
",2
38,案件_38,"根據判決書內容，19萬3554元中包含了6萬4518元的不當得利（相當於租金）和12萬9036元的遲延費用。判決書明確指出，此遲延費用是根據契約第12條約定，為租金總額的兩倍，性質上屬於**懲罰性違約金**（編號1）。  雖然也有損害賠償的部分（185萬3438元），但19萬3554元的構成要素中包含了顯著的懲罰性成分，因此整體而言更接近**懲罰性編號1**。
",1
39,案件_39,"根據提供的判決書內容，被上訴人(經濟部水利署第三河川分署)請求的違約金包含兩部分：

1. **溢領工程款 778萬5,465元：** 這是損害賠償性質，基於上訴人(鋐璟營造股份有限公司)因混凝土品質不符契約而溢領的款項。判決書詳細說明了計算過程，並非額外懲罰。

2. **懲罰性違約金 50萬元：** 這是懲罰性違約金，根據契約約定，因混凝土摻雜鋼碴而設定。雖然法院最後維持了這50萬元的請求，但其性質仍屬於懲罰性違約金，而非基於實際損害的賠償。

因此，這份契約內容同時包含了**懲罰性違約金 (編號1)** 和 **損害賠償 (編號2)** 兩種性質的違約金請求。  若必須選擇最接近的分類，則應選擇**懲罰性編號1**，因為判決結果包含了懲罰性違約金的成分。
",1
40,案件_40,"根據提供的判決書內容，屬於**損害賠償性編號2**。

判決書中，原告銘台營造因工程延誤被扣款逾期違約金3,339,600元。法院審理後，認定原告部分延誤原因不可歸責於己，最終判決被告應返還原告75,900元（溢扣部分）。  這個金額是基於實際損失（溢扣的違約金）計算的，而非額外罰款或懲罰。  法院也審查了原告提出的其他展延工期請求，但大多不被採納，這顯示法院是基於實際情況判斷損失，而非單純懲罰違約方。  因此，判決結果更符合損害賠償性的特徵。
",2
41,案件_41,"根據提供的判決書內容，本案中被告請求的2,268,000元屬於**懲罰性編號1**。

判決書中明確指出，該2,268,000元是根據系爭合約第6條第3項計算的「逾期罰款」，每逾期一天以工程總價的3%計算。這符合懲罰性違約金的定義：

* **金額遠超過實際損害的合理比例：** 2,268,000元遠高於被告實際因原告延遲完工所產生的損失。判決書中，法官也駁回了被告其他請求賠償損失的訴求，顯示2,268,000元並非基於實際損失計算。
* **無法直接與實際損失或費用相連結：**  該金額是根據每日逾期罰款的固定比例計算，與實際損失無直接關聯。
* **伴隨強制執行條款：** 判決書中涉及該金額的強制執行。

雖然判決書最後駁回了被告請求2,268,000元的訴求，但这并不改變該金額本身的懲罰性性質。  其計算方式及目的都明確指向對違約方的懲罰，而非對實際損失的補償。  其他賠償請求(例如80,850元代墊款)則屬於損害賠償性。
",1
42,案件_42,"根據提供的判決書內容，關於違約金部分(35萬8850元)，應歸類為**懲罰性編號1**。

判決書中，原告請求的違約金是基於契約中約定的「工程總價千分之一，上限為工程總價的10%」，這是一個預設的固定比例，與被告實際造成的損害並無直接關聯。  雖然判決書最後實際判決金額低於原告請求金額，但這並不能改變違約金設定的本質。  契約條款中設定的違約金計算方式明顯具有懲罰性，旨在迫使被告履行付款義務，而非單純補償原告的實際損失。  因此，即使最終判決金額較低，其最初的設定仍符合懲罰性違約金的定義。
",1
43,案件_43,"根據提供的判決書內容，此判決屬於**損害賠償性編號2**。

雖然判決書中提到了「系爭契約第14條第8款」提到「除懲罰性違約金及逾期違約金外，損害賠償金額上限為契約價金總額」，但法院最終判決的金額47萬0,673元是基於被告的違約行為（規劃設計錯誤及監造不善）造成的實際損失（改善工程費用）而定，且此金額符合契約中約定的損害賠償金額上限，並未超過實際損失的合理比例。  法院並未判決任何額外的罰金。  法院也考慮了被告的抗辯，並在考量契約條款及相關法條後，最終判決的金額是基於填補原告損失的原則，而非對被告進行額外懲罰。  因此，最接近的分類是損害賠償性。
",2
44,案件_44,"根據判決書內容，系爭本票最初約定若工程未於112年5月20日完工，每日罰款一萬元。雖然被上訴人主張有額外約定200萬元的懲罰性違約金，但法院認為此主張缺乏證據支持，系爭協議書中也未記載此條款。因此，法院最終認定系爭本票僅擔保每日一萬元的違約金，而非200萬元的懲罰性違約金。

雖然一開始被上訴人聲稱是200萬元的懲罰性違約金，但法院的最終判決否定了這一點，並認定為每日一萬元的損害賠償型違約金。因此，更接近**損害賠償性編號2**。  即使一開始有提及「懲罰性違約金」，但法院的判決結果並未支持此說法，而是基於實際的每日違約金來判斷。
",2
45,案件_45,"根據判決書內容，這屬於**損害賠償性編號2**。

雖然契約中約定了沒收保證金的條款，且法院判決也支持返還保證金的請求，但判決的理由是基於「不當得利」。法院認為，因承包商隱匿違法轉包事實，導致發包方誤發保證金，因此承包商應返還這筆款項。  這並非對違約行為的額外懲罰，而是將因違約行為導致的錯誤支付予以糾正，使其回復到契約本來的狀態。  保證金的金額與實際損失（被誤發的款項）直接相關，並非遠超過實際損失的範圍。  因此，更接近損害賠償的性質，而非懲罰性違約金。
",2
46,案件_46,"這份判決書內容是**損害賠償性編號2**。

判決書主要在處理工程款給付爭議，法院審理後，判決被告應給付原告新臺幣1,321,055元以及利息。這個金額是基於雙方爭議的工程款，經過法院審理後，認定原告應得的部分，並非額外懲罰。雖然判決中涉及逾期違約金和里程碑違約金，但法院最終已將這些金額酌減後，與工程款相抵，最後判決的金額是經過計算後的結果，並非單純的懲罰性罰款。  因此，整體而言，判決結果更接近損害賠償的性質，旨在補償原告的實際損失。
",2
47,案件_47,"根據提供的判決書內容，判決結果中包含了返還工程款項（1,570萬6,275元），以及違約金（2,178萬元）。

判決書中提到，違約金計算依據是「按逾期之日數，每逾期一日乙、丙雙方應賠償甲方（即原告）總工程款或階段性工程之工程款至少千分之三以上之罰款做為懲罰性之違約金」，但原告實際請求並獲得法院支持的違約金計算方式是「按逾期天數以系爭機電工程款**1‰**計付之懲罰性違約金」。

雖然判決書中使用了「懲罰性違約金」的字眼，且計算方式看似與實際損失無直接關聯，但其計算依據仍基於契約約定，且金額（2178萬）相較於工程總價（1億3200萬）比例不算過高(約16.5%)，因此並非明顯失衡的懲罰性違約金。  更重要的是，判決書主要部分是基於被告未履行契約，導致原告損失工程款，要求返還款項。違約金部分則基於契約約定的違約責任，而非單純的懲罰。

綜合考量以上因素，更貼近**損害賠償性編號2**。  雖然存在“懲罰性”的字眼，但法院的判決更傾向於將其視為因違約造成損失的補償，而非單純的懲罰。  因此，選擇**損害賠償性編號2**。
",2
48,案件_48,"根據提供的判決書內容，這屬於**損害賠償性編號2**。

判決書中詳細計算了雙方因工程契約終止而產生的實際損失，並基於契約條款及相關證據，對雙方債權債務進行抵銷。雖然提及「逾期違約金」，但法院最終將其金額由原約定的568萬6,044元依法減至140萬元，並考量了被上訴人實際增加的支出（849萬7,871元）與上訴人應得工程款（4,905萬1,159元）的差額，最終確定上訴人無需再支付任何款項。  法院的計算方式是基於實際損失，而非單純的懲罰性罰款。  因此，更接近損害賠償性的分類。
",2
49,案件_49,"根據最高法院的判決書內容，此案屬於**損害賠償性編號2**。

判決書的核心在於審理少謙營造公司(上訴人)與新北市汐止區公所(被上訴人)之間因工程契約終止而產生的履約保證金返還爭議。法院認定少謙營造公司未依約履行，因此被上訴人終止契約並沒收履約保證金180萬元是合法的。

雖然判決書中提到「該不予發還保證金之約定性質上係懲罰性違約金之預定，有民法第252條規定之適用」，但法院並未以此為依據直接沒收保證金，而是基於少謙營造公司的違約行為，考量了工程的公開招標、公共利益等因素，最終裁定沒收180萬元履約保證金作為損害賠償，而非額外的懲罰。  法院的考量因素包含了少謙營造公司在契約中的違約行為，以及工程的特殊性，最終的裁決金額是基於這些因素衡量後的結果，並非一個預先設定的懲罰性金額。  這與懲罰性違約金的定義不符。

因此，儘管契約中可能存在懲罰性違約金的約定，但法院的最終判決是基於損害賠償的原則，將沒收的履約保證金視作對公所因少謙營造公司違約造成的損失的補償。  因此更接近損害賠償性的分類。
",2
50,案件_50,"根據提供的判決書內容，以及懲罰性違約金與損害賠償性違約金的區分標準，此案例**最接近損害賠償性違約金（編號2）**。

判決書中涉及的金額爭議，主要圍繞著工程款項的給付、逾期違約金的返還以及履約保證金的利息。法院在判決中詳細審理了雙方關於工程驗收、逾期原因、以及相關契約條款的爭議，並基於實際情況，對違約金的數額進行了調整（例如將逾期違約金的每日罰款比例從千分之三降低到千分之零點五）。  法院的裁決是基於雙方契約條款，並考量了實際損失和情事變更，而非單純地對違約方進行額外懲罰。  雖然判決中提到了違約金，但其計算依據與實際損失或費用相關，並非預設的固定數額，並且法院對其數額進行了調整，使其更符合實際損害的範圍。  因此，更符合損害賠償性違約金的定義。
",2
51,案件_51,"本判決內容最接近**損害賠償性編號2**。

雖然判決中提及「懲罰性違約金」 (每日千分之三，總價20%上限)，但法院最終並未支持被告以此為由扣款，而是酌減至每日千分之0.7，並計算出3,585,892元的逾期違約金，此金額顯然是基於原告的違約行為(工程延遲)所造成的損失而計算，並非單純的懲罰。  法院考量了多方面因素，包括工程協調會議、工法變更的影響、原告的違約責任等，最終裁定了一個經過審慎考量的金額，並非單純的超過實際損失範圍的懲罰性金額。  法院駁回了原告的大部分請求，也說明了被告終止契約是合法的，這也指向了賠償的性質而非懲罰。

因此，雖然契約本身可能存在懲罰性違約金的條款，但法院的判決結果更傾向於損害賠償，旨在彌補實際造成的損失，而非單純懲罰違約方。  最終判決金額遠低於契約中約定的懲罰性違約金上限，也支持了此判斷。
",2
52,案件_52,"考量契約內容提及「每日逾期罰承攬總價之千分之一，但以採購契約總價10%為上限」的違約金條款，以及法院最終判決金額包含了律師費和鑑定費等額外費用，這些費用與實際損失的關聯性較弱，更接近於對違約行為的懲罰。儘管法院有權力減低過高的違約金，但整體來看，此契約內容更接近**懲罰性編號1**。
",1
53,案件_53,"根據提供的判決書內容，反訴部分的2,915,000元違約金最接近**懲罰性編號1**。

雖然契約中約定違約金計算方式為「每日罰款千分之一（最高不得超過百分之二十）」，看起來像是與實際損失掛鉤的損害賠償，但判決書中顯示，法院最終判決的金額是2,915,000元，這是契約中約定的違約金上限，並非根據實際損失計算得出的金額。  判決書中也提及被告以契約逾期為由請求違約金，但考量到疫情及原告方的行為（不斷變更設計、追加項目等），法院認為被告的請求無理由。  這暗示了該違約金的設定更偏向對違約行為的懲罰，而非對實際損失的精確補償。  因此，儘管計算方式看似損害賠償性，但最終結果及法院的判斷更傾向懲罰性違約金。
",1
54,案件_54,"根據提供的判決書內容，此判決屬於**損害賠償性編號2**。

雖然判決書中提及「懲罰性違約金」，且判決金額為8,557,500元，看似高額。但判決書的理由部分仔細說明了計算依據：根據契約第21條第2項，每日逾期違約金為工程總價的千分之一，最終判決金額是基於實際逾期天數（244天，扣除雨天後仍超過100天，但因契約約定上限為總價的10%，故以此為限）計算而來，並非額外懲罰。  法院並未認定此違約金條款顯失公平而予以減少。

判決書也詳細審理了原告其他請求，例如代墊工程款、水電工程款、營業損失和利息損失等，並逐一駁回，顯示法院是基於實際損害進行判斷，而非單純處罰。  雖然8,557,500元看似超過損失的30%，但這是基於契約約定的違約金計算方式，且法院在判決理由中已詳細說明並未超出契約約定之範圍。因此，更傾向於損害賠償性的分類。
",2
55,案件_55,"這份判決書內容是**損害賠償性編號2**。

判決書的重點在於計算和賠償上訴人因工程延誤而增加的監造費用，以及返還被上訴人錯誤扣除的違約金。判決書詳細分析了工程延誤的原因，並區分了可歸責於上訴人和不可歸責於上訴人的部分，最終判決金額是基於實際損失（增加的監造工時和被錯誤扣除的款項）計算出來的。雖然契約中提到了懲罰性違約金條款，但判決書主要針對的是實際損失的賠償，而非對違約方的額外懲罰。  被上訴人扣除的違約金部分，法院也逐一審查其是否合理，並非全盤接受。


因此，儘管契約中存在懲罰性違約金條款，但本判決的結果更符合損害賠償的性質。
",2
56,案件_56,"根據提供的判決書內容，此判決屬於**損害賠償性編號2**。

判決書詳細審理了原告（汎德工程顧問股份有限公司）與被告（新北市政府市場處）之間的工程款項爭議，並逐條分析了契約條款，最終判決被告應支付原告新台幣壹佰伍拾捌萬柒仟零壹拾壹元。  這個金額是法官基於雙方契約、實際工程成本、以及被告延遲招標等因素，經過詳細計算後得出的，並非任意設定的罰款。  法官仔細審查了原告提出的各項費用請求，並根據契約條款和相關法規進行了取捨，最終判決的金額是對原告實際損失的賠償，而非對被告的懲罰。  判決書中並未提及任何懲罰性違約金或罰款。  雖然判決書中提及契約中有懲罰性違約金的條款，但法官並未根據該條款判決。


雖然原告最初求償金額較高，但法官最終判決的金額遠低於原告請求金額，這也說明了法官著重於賠償原告的實際損失，而非處罰被告。  因此，更符合損害賠償性的定義。
",2
57,案件_57,"這份判決書內容顯示的是**損害賠償性編號2**。

雖然判決書中提及「違約罰金」，但法院並未支持被上訴人(禾峰營造)以懲罰性違約金來計算，而是將其認定為損害賠償的一種，並根據契約條款以及實際情況，對其金額進行了酌減。  法院最終考量了被上訴人實際支出的費用（自行僱工費用）以及上訴人（壯源工程）的違約行為（延誤工期），並進行了抵銷計算，最終結果並非對違約方進行額外懲罰，而是基於實際損失進行的賠償。  因此，儘管契約中存在懲罰性條款，但法院的判決結果更傾向於損害賠償性的處理方式。
",2
58,案件_58,"根據提供的契約內容以及懲罰性違約金與損害賠償性違約金的定義，本案應歸類為**懲罰性編號1**。

法院判決中，被告（立本營造有限公司）的反訴請求原告（億發起重工程有限公司）支付新台幣30,000,000元，並明示這是基於原告工程延遲的「懲罰性違約金」。  契約中約定因工程延遲每日按工程總價千分之五計算違約金，此比例遠高於一般損害賠償的合理比例（通常不超過30%），且最終判決的金額也顯著高於可能產生的實際損失。  因此，即使法院最後判決金額較反訴金額低，但其性質仍屬懲罰性違約金，而非旨在補償實際損害。  判決書中也明確指出被告主張的是“懲罰性違約金”，更強化了此一分類。
",1
59,案件_59,"根據提供的判決書內容，契約中「系爭契約第34條第3項第1款約定，並得以契約總價1/2之金額請求被告賠償」的1675萬元違約金，**最接近懲罰性編號1**。

雖然判決書最後將此金額酌減至1014萬1542元，但初始約定金額顯然遠超過實際損失的合理比例，且與實際損失缺乏直接連結，更像是對違約行為的懲罰，而非對實際損失的補償。  法院的酌減並不能改變其最初設定為懲罰性違約金的性質。  因此，選擇懲罰性編號1更為貼切。
",1
60,案件_60,"根據提供的法院判決書內容，雙方爭議焦點在於違約金的認定與計算，以及相關費用（代僱工費用、材料超用等）的抵銷。判決書中多次提及「懲罰性違約金」，大成公司也主張扣除2000萬元的懲罰性違約金。雖然法院最終酌減違約金至135萬6,350元，但這個金額依然是基於違約事實，並非完全與實際損失完全等同。法院的酌減行為也暗示了原本約定的違約金金額過高，具有懲罰性。

因此，儘管法院最終判決的違約金金額相對較低，但考量到契約中明確提及「懲罰性違約金」，以及法院的判決理由，更接近**懲罰性編號1**。  判決書中雖然也涉及損害賠償的計算，但懲罰性違約金的議題佔據了更重要的地位。
",1
61,案件_61,"根據提供的判決書內容，法院判決被告應支付原告新台幣139萬0200元，並非基於實際損害的計算，而是根據契約中約定的「逾期懲罰性違約金」計算得出。契約約定每日逾期罰款，以工程總價的千分之三計算，上限為工程總價的15%。

雖然判決書中提及原告因被告違約而產生額外的成本和損失，但判決的金額並非直接基於這些實際損失計算，而是根據預先約定的懲罰性違約金條款計算得出。因此，這更符合**懲罰性編號1**的描述。

因此，選擇 **懲罰性編號1**。
",1
62,案件_62,"根據提供的判決書內容，判決結果確認被告持有的本票債權不存在。  被告主張原告違約，應支付損害賠償及懲罰性違約金10,000,000元。但法院認為被告未提出充分證據證明原告違約，且契約條款中關於「地下室實質開挖至地下一層」並非原告的獨立債務履行要件，而是與被告協助申請展延工期相關的條件。  法院駁回了被告關於損害賠償及懲罰性違約金的主張。

因此，契約中提及的10,000,000元違約金，雖然被告聲稱是懲罰性違約金，但法院的判決並未支持此說法，且法院未認可被告關於原告違約導致損害的說法。雖然被告聲稱是懲罰性違約金，但法院的最終判決未支持此項請求，更傾向於認為此金額並非基於實際損失的合理賠償。

基於以上分析，最接近的分類為：**懲罰性編號1**。  雖然法院最終沒有認定該違約金有效，但被告的初始主張及設定目的更接近懲罰性違約金的定義。
",1
63,案件_63,"根據提供的判決書內容，我認為最接近的分類是**懲罰性編號1**。

雖然判決書中涉及了實際損失的計算和賠償，例如力峯公司因未完成部分工程而應得的款項，以及蘇澳鎮公所不當扣款部分的返還。但判決書中也明確提及並判決了「懲罰性違約金」的存在，例如：

* 力峯公司因遲延提交系爭計畫書而被處以12萬8,000元的懲罰性違約金。法院最終維持了這部分的懲罰性違約金，並未因力峯公司提出的理由而予以減免或取消。  這符合懲罰性違約金的定義，與實際損失的關聯性較弱，更像是對違約行為的額外懲罰。

儘管法院就部分款項進行了損害賠償的計算，但懲罰性違約金的存在，以及法院最終的判決結果都顯示該契約中包含了懲罰性條款。因此，整體而言，更偏向懲罰性編號1。
",1
64,案件_64,"根據提供的判決書內容，此案件屬於**損害賠償性編號2**。

判決書中，雙方爭議焦點在於原告已完成部分工程的款項 (533,339元) 是否應給付，以及被告是否能依契約規定扣除因原告違約（工程延遲）所造成的損失。被告主張的扣除款項，例如逾期違約金、臨時水電費、驗收費用等，都與原告的違約行為造成的實際損失相關聯，並非額外罰金。法院也針對這些扣除款項的合理性進行了審查，並對逾期違約金進行了酌減，最終判決原告敗訴，並非因為懲罰原告，而是因為法院認為被告的扣除款項在經過審查後，足以抵銷原告請求的工程款。  因此，更接近損害賠償性的分類。雖然部分違約金性質偏高，但法院最終以減免的方式處理，使其更符合損害賠償的原則。
",2
65,案件_65,"根據提供的判決書內容，法院最終判決原告勝訴部分包含了損害賠償和懲罰性違約金的混合。

* **損害賠償性 (編號2) 部分：**  法院認定原告因被告違約而產生的實際損失，包含重新發包價差（870萬2,513元，法院採納鑑定報告並作部分調整）以及被告溢領的工程款（570萬955元）。這些金額與實際損失相關聯，並非額外懲罰。

* **懲罰性 (編號1) 部分：** 法院確認了契約中約定的懲罰性違約金條款，但考量公平性，將原告要求的789萬8,660元大幅減至205萬1,600元。雖然這個金額與時間相關，但其性質仍然是對被告違約行為的額外懲罰，而非完全基於實際損失計算。


因此，判決書內容同時包含了損害賠償和懲罰性違約金兩種性質，但因為題目要求選擇最接近的分類，且懲罰性違約金的存在，因此選擇 **懲罰性編號1** 更為貼切。  法院雖然調整了懲罰性違約金的金額，但其本質仍未改變。
",2
66,案件_66,"根據提供的判決書內容，案件爭議焦點在於履約保證金的返還，以及原告主張因被告未提供「出流管制計畫書」導致無法施工而應獲得的損害賠償（期待利益損失）。判決結果駁回原告所有請求。

判決書中，原告請求返還履約保證金19,195,200元，以及2,000萬元的期待利益損失賠償。被告則提出反駁，並主張因原告違約而應支付1億多(包含126,300,000元與136萬元)的損害賠償。  法院最終認定原告無權利請求返還履約保證金及額外賠償，也未支持被告的巨額賠償請求。

雖然判決書中被告提及「累計懲罰性違約金136萬元」，但這並非法院判決支持的內容，法院並未將此納入判決理由及結果。法院主要根據契約條款以及原告自身行為（例如未按時提出文件、未依規定開工等）來判斷原告請求是否合理。

因此，儘管被告提到「懲罰性違約金」，但法院的判決並未採納此部分，而是基於雙方實際損失和違約責任進行判斷。  因此，此案例最接近**損害賠償性編號2**。  法院主要著重於判斷原告是否因被告的行為遭受了實際的損失，並以此為基礎做出判決。  被告提出的懲罰性違約金並未被法院採納，且其主張的1億多賠償也未被支持，更支持了損害賠償性的判斷。
",2
67,案件_67,"根據提供的判決書內容，此判決屬於**損害賠償性編號2**。

雖然判決書中提及「逾期違約金」，但法院最終將其認定為懲罰性違約金，並根據民法第252條酌減至19萬1776元。  這個金額並非單純的懲罰，而是法院考量到原告逾期完工的責任，以及被告未因此遭受重大損失後，對懲罰性違約金的調整。法院最終判決被告需支付原告75萬9416元，加上利息，這個金額是基於原告實際的工程款請求，扣除法院認定的合理違約金後得出的結果，更接近損害賠償的性質，而非單純的懲罰。  因此，儘管存在違約金的討論，但判決結果更符合損害賠償的定義。
",2
68,案件_68,"根據提供的法院判決書內容，此判決結果**最接近損害賠償性編號2**。

判決書的核心在於釐清雙方契約終止的合法性，以及因此產生的損害賠償問題。法院詳細審理了工程延誤的原因，並認定部分延誤並非承包商（被上訴人）的責任，因此判決返還部分履約保證金（167萬1,588元）及其利息。  雖然判決書中提到「懲罰性違約金」性質的討論，但最終判決結果並非基於懲罰，而是基於承包商因業主（上訴人）的原因導致工程延誤所造成的實際損失進行的賠償。  法院甚至對原本不予發還的履約保證金金額進行了大幅度減低，並根據承包商已完成的工程比例重新計算應返還金額。這更進一步說明判決的重點在於損害賠償而非懲罰。

雖然契約中可能存在懲罰性違約金條款，但法院並沒有依此條款判決，而是基於實際損失進行了合理的裁決。因此，儘管存在懲罰性條款的可能性，最終判決結果更傾向於損害賠償。
",2
69,案件_69,"根據提供的判決書內容，此判決中的違約金計算方式屬於**懲罰性編號1**。

判決書中明確指出被告拒絕支付工程款的原因是「本案之逾期違約金已遠大於其請求金額」，並根據契約第6條計算逾期違約金，金額高達契約總價的許多倍(甚至超過契約總價)。 儘管法院最終判決的金額並非完全依照被告計算的逾期違約金，而是經過法院審酌後減至較低金額，但被告最初主張的違約金計算方式明顯超過合理的損害賠償範圍，且與實際損失無明確的關聯性，符合懲罰性違約金的定義。  法院的減額判決，是法院基於公平正義原則對懲罰性違約金的調整，而非將其認定為損害賠償性違約金。
",1
70,案件_70,"根據判決書內容，應歸類為**懲罰性編號1**。

判決書中指出，契約約定「每過期一天須扣除工程總價千分之一」，法院認定此為懲罰性違約金。雖然判決結果是基於違約事實，但計算方式是按日累計違約金，而非基於實際損失的計算。  500天的違約金160萬元，遠超過因延誤工程可能造成的實際損失，明顯具備懲罰性質，符合懲罰性違約金的定義。  即使加入了返還不當得利的100萬元，整體金額仍顯然帶有懲罰意味，而非單純的損害賠償。
",1
71,案件_71,"根據提供的內容，此判決屬於**損害賠償性編號2**。

雖然契約中提及逾期違約金，但判決書詳細審理了雙方爭議，並根據契約條款(分批交貨、分批付款，且違約金計算以""訂購金額""而非""訂購總金額""計算)以及實際情況(鼎台公司工期延誤、現場空間不足等因素影響嘉成公司交貨時間)，最終計算出嘉成公司應賠償的違約金金額，並非一個預設的固定金額，而是與實際遲延天數和每期貨款金額掛鉤的計算結果。  法院也考量了鼎台公司工期延誤對嘉成公司交貨的影響，並扣除了相應的天數。最終判決的金額也並非遠超實際損失的範圍。

因此，儘管契約中存在違約金條款，但法院的判決更傾向於基於實際損失來決定賠償金額，符合損害賠償性的定義。
",2
72,案件_72,"根據提供的判決書內容，該契約中關於100萬元違約金的條款應歸類為**懲罰性編號1**。

判決書中明確指出，該100萬元為「懲罰性違約金」，且法院認為原告未舉證成功證明被告的行為造成其實際損失達到該金額，因此駁回了原告的請求。這符合懲罰性違約金的定義，即與實際損失脫鉤，具有懲罰性質。  法院的判決也說明了雙方對於金錢往來的計算和理解存在歧見，並未認定被告的行為造成原告100萬元的實際損失。
",1
73,案件_73,"根據提供的判決書內容，此判決涉及的違約金計算方式包含**懲罰性違約金**和**損害賠償性違約金**兩種性質。

判決書中明確指出部分違約金（例如：減價收受違約金）具有懲罰性，因為契約中明確約定以「減價金額的一倍」作為罰款，而非與實際損失直接掛鉤。而其他部分違約金（例如：逾期違約金），雖然契約中約定每日罰款金額，但判決書也考量了實際損失情況和公平原則，對違約金金額進行了調整，使其更接近損害賠償的性質，而非單純的懲罰。

因此，選擇**懲罰性編號1**更為貼切，因為判決書中存在明確的懲罰性違約金計算方式。雖然也存在損害賠償性的考量，但懲罰性的元素更為顯著。
",1
74,案件_74,"根據判決書內容，法院最終判決被告需支付原告新台幣伍拾萬元，以及利息。此金額是基於契約附註②「乙方（即承包商）不可任意停工或違約不做，若有停工或違約不做，需按已付款項加倍賠付業主（即甲方）」的約定，但法院考量原告請求的190萬元過高，酌減至50萬元。

雖然契約中提及「按日收取千分之三作為懲罰性延遲違約金」，但法院認為此條款僅適用於工程完工但逾期的情形，而非被告拒絕施工的情形，因此此條款未被採用。

法院判決的50萬元是基於契約中預先約定的損害賠償，雖然金額是已付款項的加倍，但法院已考量實際情況進行酌減，目的仍在於賠償原告因被告違約而遭受的損失。因此，更接近**損害賠償性編號2**。
",2
75,案件_75,"根據提供的判決書內容，這屬於**損害賠償性編號2**。

判決書中，原告主張被告口頭承諾支付材料款，但被告否認有此承諾，法院也認為原告未提出足夠證據證明契約成立。  雖然原告要求賠償的金額(2,713,850元)看似很高，但法院最終駁回原告請求，表示原告主張無據。法院的判斷過程著重於審視契約是否成立，以及原告是否有證據證明其損失，而非單純判斷金額是否超過損失的30%。  即使原告請求的金額高，但由於法院認定沒有契約關係，因此並非懲罰性違約金。  整體而言，此案更像是原告試圖追討其因材料採購而發生的成本，而非追求額外的懲罰。  因此，更接近損害賠償性而非懲罰性。
",2
76,案件_76,"根據提供的判決書內容，此案例**最接近損害賠償性編號2**。

雖然判決書中提及「懲罰性違約金」，但法院並未完全採認被告所計算的違約金金額。法院仔細審理了每一項違約金的計算依據，並根據契約條款、相關法規以及鑑定報告，對違約金金額進行了調整和裁減。最終判決的金額是經過法院審核後，認定原告應獲得的損失賠償，而非單純對被告進行額外的懲罰。

法院的判斷更傾向於根據實際損失來計算賠償金額，儘管契約中存在懲罰性違約金的條款，但法院並未將其完全適用，而是考量了實際情況和公平原則，這符合損害賠償性的特點。  因此，儘管契約條款中出現「懲罰性違約金」字眼，但法院的最終判決結果更符合損害賠償的性質。
",2
77,案件_77,"此判決書內容屬於**損害賠償性編號2**。

雖然判決書中提及被告需支付原告676萬7724元，以及利息，以及被告聲請抵銷的金額包含了「逾期違約金」，但法院的判決結果並未支持被告的抵銷請求，且判決金額是基於原告實際完成的工程量和履約保證金計算得出的，並非單純的懲罰性罰款。法院詳細審理了雙方爭議的每項工程款，並考量到檢測結果和契約條款，最終判決金額是基於實際損失和未支付工程款做出的判斷。  因此，儘管契約中存在懲罰性違約金條款，但判決結果更傾向於損害賠償的性質。
",2
78,案件_78,"這份判決書描述的是**損害賠償性編號2**。

雖然判決中提及「違約金」，但法院並未支持原告關於懲罰性違約金的請求 (13萬7,088元)。法院最終判決被告需支付原告50萬1,322元，這是基於被告已收取的款項與實際完成工程價值之間的差額（溢領款項），並考量了雙方之間的抵銷。這屬於對實際損失的補償，而非對違約行為的額外懲罰。  判決中詳細計算了工程款的支付和實際完成的工程量，並非一個預設的固定罰款金額。法院的裁決是基於對事實和證據的審查，並非單純地對違約方進行懲罰。因此，更符合損害賠償的定義。
",2
79,案件_79,"根據提供的判決書內容，案件涉及的是**損害賠償性編號2**。

判決書中，正龍公司請求台塑網公司賠償的項目，例如重新發包增加的費用、派遣工程師的費用等，都與台塑網公司違約導致的實際損失直接相關。  雖然判決書中也提到了「材料設備送審逾期罰款」、「專駐人員未到職罰款」，但法院認定這些罰款基於正龍公司與業主之間的約定，台塑網公司並無責任承擔，因此這些並非本案的損害賠償重點。

法院最終判決正龍公司可獲得的賠償金額，是基於台塑網公司違約導致的實際損失進行計算和抵銷後得出的結果，並非額外罰金或懲罰性違約金。  這符合損害賠償性的定義，旨在補償正龍公司因台塑網公司違約所遭受的實際經濟損失。  即使金額較高，也是基於實際損失計算的結果，而非意圖懲罰台塑網公司。
",2
80,案件_80,"本篇提供的內容是**臺灣高等法院刑事判決**，判決書中描述的是被告們的犯罪行為，包括圍標、收受賄賂、藉勢勒索等，並非契約內容。因此，無法根據提供的內容判斷是懲罰性違約金(編號1)還是損害賠償性違約金(編號2)。  判決書中提到的金額是法院根據犯罪事實判決的罰金及沒收金額，與契約違約金的性質完全不同。
",2
81,案件_81,"根據提供的判決書內容，法院判決被告應給付原告新台幣32萬3628元，其中包含30萬元違約金及2萬3628元分潤獎金。

法院認為，原告請求200萬元違約金過高，予以酌減至30萬元。雖然200萬元違約金的設定看似懲罰性，但法院的最終判決金額考量了被告的違約行為以及原告實際可能遭受的商業損失，並非單純的懲罰。  而2萬3628元的分潤獎金則直接基於契約約定及實際損失計算得出。

因此，綜合考量，判決結果更接近**損害賠償性編號2**。  雖然契約中設定了高額的懲罰性違約金，但法院最終並未採納，而是根據實際情況酌減，並額外判決分潤獎金，使判決結果更符合損害賠償的性質。
",2
82,案件_82,"根據判決書內容，判決結果中反訴被告(原告)需支付反訴原告(被告)新台幣50萬9345元，這筆款項包含了：

* **33萬2439元：** 這是基於民法第184條第1項前段(侵權行為)，因原告施工造成房屋結構損壞的損害賠償。此部分金額與實際造成的損害相連結，屬於**損害賠償性(編號2)**。

* **17萬6906元：** 判決書中並未明確說明此金額的計算依據，但從上下文推斷，應是與被告因工程延誤造成的損失有關(雖然未明確寫明是損害賠償還是違約金)。  由於金額本身並未明顯超出合理範圍，且與工程延誤有所關聯，因此更偏向**損害賠償性(編號2)**，而非懲罰性。


因此，綜合判決書內容，整體來說更接近**損害賠償性(編號2)**。雖然有涉及違約金的討論，但最終判決的金額計算基礎更傾向於損害賠償，而非單純的懲罰。
",0
83,案件_83,"根據提供的判決書內容，法院認定該契約中的違約金條款屬於**懲罰性編號1**。

判決書中明確指出，契約約定違約金為定金的兩倍，且法院雖然最終將違約金金額酌減，但仍認定其性質為懲罰性違約金。  法院的理由是：該違約金計算方式簡單粗暴，與實際損害差距過大，即使考慮到超晟公司因聚磬公司違約所遭受的損失，懲罰性違約金仍遠高於實際損失，因此屬於對違約行為的額外懲罰，而非對實際損失的補償。  這符合懲罰性違約金的定義特點，例如金額遠超過實際損害的合理比例，無法直接與實際損失連結等。  法院雖然酌減了金額，但並沒有改變其懲罰性的本質。
",1
84,案件_84,"根據提供的法院判決書內容，這屬於**損害賠償性編號2**。

判決書中詳細計算了工程款項，並基於建設局的違約行為（未提供可調光電源供應器、誤認鈉燈為水銀燈等）進行了減價收受和違約金計算。這些計算都與實際的損失或費用直接相關，並非單純的懲罰性措施。雖然有違約金的計算，但其基礎是基於實際的工料差額，並非額外且不合理的罰款。  最終判決的金額也是基於這些計算得出的，旨在補償建設局的實際損失，而非懲罰佰鴻公司。
",2
85,案件_85,"根據提供的內容，屬於**損害賠償性編號2**。

雖然契約中提到「逾期罰款新臺幣4億9225萬9495元及給付不完全之扣罰款1763萬1508元」，金額看似巨大，但裁定書明確指出這些金額是基於「逾期完工或工程瑕疵或不完全給付」而產生的扣罰款，意圖用以彌補上訴人因被上訴人違約造成的實際損失。  

裁定書重點在於釐清雙方在工程款項的結算問題，並非單純的懲罰。被上訴人請求返還履約保證金，其金額的爭議也來自於雙方對工程款項結算的認知差異，最終需要等到工程款項訴訟結束才能確定。  這符合損害賠償性的特徵：基於實際損害設定，金額雖然看似高，但其基礎是實際損失（或爭議的實際損失）。  

因此，儘管金額巨大，但其本質是為了彌補實際損失，而非單純懲罰，故更接近損害賠償性。
",2
86,案件_86,"根據提供的判決書內容，法院認定契約中關於違約金的約定為**懲罰性編號1**。

判決書中明確指出契約約定「違約金扣工程總價的10%、10天為1期，逾越3期者解約」。法院雖然最後將違約金從原告請求的102,000元酌減至5,000元，但這個酌減是基於法院認為原告請求的金額過高，並非因為該違約金條款本身屬於損害賠償性質。  法院的酌減行為並未改變違約金條款的本質，仍然是預先約定，與實際損害無直接關聯的懲罰性違約金。  法院的判決說明也佐證了這一點，強調該違約金為「因不履行而生損害之賠償總額預定性質」。

雖然法院最終判決金額包含了返還工程款和酌減後的違約金，但這並不改變違約金條款本身的懲罰性特徵。  因此，最接近的分類為**懲罰性編號1**。
",1
87,案件_87,"此判決內容最接近**損害賠償性編號2**。

雖然判決書中提及「逾期懲罰性違約金」，但法院最終判決的金額177萬1,877元，是基於被告因原告違約而重新招標所產生的額外支出和損失（包含重新發包增加之工程款及技術服務建造費用，扣除原告應得之鄰房鑑定利潤及營業稅後之金額），並非單純的懲罰性違約金。  法院計算損害賠償時，也考量了物價上漲的合理因素，並非無限制地將所有額外費用都歸咎於原告。  法院駁回了被告請求的大部分違約金，只判決了與實際損失相關的金額，這更符合損害賠償的性質。  因此，儘管契約中存在懲罰性條款，但法院的判決結果更傾向於損害賠償。
",2
88,案件_88,"這份判決書內容屬於**損害賠償性編號2**。

判決書的核心是計算並判決被告應支付原告們的工程款項及利息。這些金額是基於雙方之間的契約，以及法院對雙方主張的審查後，認定原告應得的款項（扣除被告主張的違約責任後）。判決書詳細審理了雙方關於工程款項的爭議，並基於契約條款及事實認定，決定了最終的賠償金額。  雖然判決書中提及「懲罰性違約金」，但法院最終並未完全採納被告提出的全部懲罰性違約金請求，而是根據事實及法律規定進行了酌減，並非單純以懲罰為目的。  法院的裁決是基於實際損失或未支付的工程款項進行賠償，而非單純的懲罰。  因此，儘管部分描述涉及懲罰性違約金，但整體判決的本質更符合損害賠償的定義。
",2
89,案件_89,"根據提供的判決書內容，屬於**損害賠償性編號2**。

判決書中，上訴人主張的95萬修繕費、6030萬違約金、400萬損害賠償，法院並未全盤接受，而是經過審理後，認定部分費用（修繕費用27萬8800元，及因延遲進場的違約金5萬1381元）為被上訴人應負擔的損害賠償，並考量工程保留款後，最終判定上訴人應支付97萬2780元給被上訴人。

法院的裁決是基於實際損失和契約條款進行計算，並非單純的懲罰性罰款。雖然契約中存在高額違約金的約定，但法院最終裁決的金額遠低於上訴人主張的金額，並且法院明確指出部分違約金金額過高而予以減低，顯示法院並非以懲罰為目的，而是以補償實際損失為考量。  因此，更符合損害賠償性的定義。
",2
90,案件_90,"根據提供的判決書內容，此案件屬於**損害賠償性編號2**。

雖然判決書中提及1789萬6616元這個數字，但法院最終認定此金額並非懲罰性違約金，而是基於系爭同意書以及後續事實調查，認定被上訴人（良友科技）所受的實際損失，包含：

* 已付價款的返還
* 履約保證金的沒收
* 向精特爾公司支付的訂金和貨款損失
* 因違約造成的利潤損失

法院並未支持被上訴人所有損害賠償請求，例如租金損失部分即被駁回。  法院的判決是基於計算實際損失，並非單純的懲罰。  系爭同意書中1789萬6616元雖然是預估金額，但法院最終根據事實和證據，將賠償金額調整為1589萬7118元，更突顯了其損害賠償的性質，而非懲罰。  因此，儘管一開始金額看似高，但經過法院審理後，最終判決金額是基於實際損失計算，符合損害賠償的定義。
",2
91,案件_91,"根據判決書內容，屬於**損害賠償性編號2**。

判決書的核心在於計算並裁決原告（銳鎷公司）因被告（嘉裕公司）扣留貨款所造成的實際損失。雖然契約中提及「千分之三的懲罰性違約金」，但法院最終判決的金額1,939,483元是基於扣留貨款的實際損失計算，並非單純的懲罰性違約金。法院仔細審理了雙方關於交貨時間、驗收流程和疫情影響等爭議，最終確定了原告的實際損失，並據此作出判決。這個金額顯然與原告因延遲交貨而應支付的違約金(773,998元)做過抵銷。判決書中也明確說明了法院考量了情事變更等因素，但最終判決金額仍然與實際損失密切相關，而非單純的懲罰。  因此，更符合損害賠償的性質。
",2
92,案件_92,"本判決書內容屬於**損害賠償性編號2**。

雖然判決書中涉及「履約保證金」的沒收，且契約中提及逾期違約金，但法院最終的判決結果並非單純地執行契約中懲罰性的違約金條款。法院審酌了雙方實際損失，對違約金金額進行了大幅度的削減，並考量了已完成工程的比例進行了部分的賠償，最終判決結果更接近於對實際損失的補償，而非單純的懲罰。  因此，儘管契約中可能存在懲罰性條款，但法院的判決更傾向於損害賠償性的處理方式。
",2
93,案件_93,"本判決結果顯示，法院判決被告應支付原告新臺幣陸佰肆拾參萬玖仟陸佰元，這是基於工程契約，針對未支付的工程款項。雖然被告主張原告有違約行為，並提出應扣除款項或抵銷的懲罰性違約金（例如因延遲完工），但法院最終並未支持被告的這些主張，而是判決被告支付原告大部分未支付的工程款。

因此，法院的判決結果更接近**損害賠償性編號2**。  雖然契約中提及懲罰性違約金，但法院的最終裁決並未以此為基礎計算應付金額，而是基於實際的工程款項及相關利息。法院的判決是針對原告已完成的工程所應支付的款項，而非對被告的懲罰。
",2
94,案件_94,"這段文字是法院判決書，內容描述的是被告們的犯罪行為和判決結果，而非契約內容。因此，懲罰性編號1和損害賠償性編號2的區分標準在此無效。判決書中所述的刑罰（有期徒刑、罰金、褫奪公權）以及沒收犯罪所得，都屬於對犯罪行為的懲罰，而非損害賠償。

因此，若**必須**選擇，則最接近的分類是 **懲罰性編號1**。  因為判決書的本質就是對犯罪行為施加懲罰。
",2
95,案件_95,"根據提供的判決書內容，應選**損害賠償性編號2**。

判決書的核心在於釐清兩張本票（一張保固、一張保證）的債權是否成立。法院認為，因工程尚未完工，且因不可歸責於承攬人的事由（新冠疫情導致延遲），承攬人並未違約，故被告無權行使本票債權。

雖然契約中約定了逾期違約金，但法院並未以此作為判決依據，而是根據工程實際情況及不可抗力因素，判斷承攬人未違約，因此本票債權不存在。這符合損害賠償性的特點：基於實際損害（本案中，法院認為無實際損害）來判斷債權是否存在，而非對違約方進行懲罰。  判決書中雖提及契約中罰款條款，但法院並未依此條款判決，反而否定了被告的債權請求，這也更傾向於損害賠償性而非懲罰性。  本票金額與實際損害並無直接關聯，因為法院認定沒有實際損害發生。  因此，儘管契約中存在可能被解釋為懲罰性條款的內容，但法院的判決結果更符合損害賠償性的判斷標準。
",2
96,案件_96,"根據提供的判決書內容，判決書中提及的違約金計算方式包含了：

1. **不予計價工程款:**  因使用不合格材料，部分工程款不予支付。這部分是基於實際損害，屬於損害賠償性。

2. **每日千分之三的違約金:**  因逾期未完成工程，按未完成履約部分契約價金每日千分之三計算違約金。這部分的計算方式雖有固定比例，但與實際延誤造成的損失相關，更接近損害賠償性而非純粹懲罰性。雖然判決書中用了“違約金”的詞彙，但其計算方式與實際損失掛鉤。

3. **不予退還履約保證金:**  因違約，部分或全部不予退還履約保證金。這部分也是基於實際損失和違約行為，屬於損害賠償性。

4. **該不符合部分之材料價金之百分之十作為該項缺失之懲罰性違約金:**  這部分明確地被契約約定為懲罰性違約金，符合懲罰性違約金的定義。


因此，契約中同時存在**損害賠償性 (編號2)** 和 **懲罰性 (編號1)** 兩種類型的違約金處理方式。  但整體來看，大部分的違約金處理方式都與實際損失掛鉤，更接近**損害賠償性 (編號2)**。  由於題目要求選擇最接近的分類，因此選擇**損害賠償性編號2**。
",2
97,案件_97,"根據提供的契約內容及分析依據，此案例**最接近懲罰性編號1**。

雖然判決書中涉及了多項款項的計算，並非單純的懲罰性違約金，但判決書明確指出，系爭契約第8條第5項約定的逾期違約金「按日以工程結算總價千分之三計罰」性質為**懲罰性違約金**。法院雖然酌減了違約金金額，但其本質仍是基於懲罰違約行為，而非單純補償實際損失。  其他項目，例如趕工費用，法院也認為與原告的違約行為並無直接的因果關係，不予支持。

雖然部分款項像是損害賠償（例如代墊款項），但整體來看，契約中明顯包含了懲罰性違約金的條款，且其影響了最終判決結果，因此更符合懲罰性違約金的分類。
",1
98,案件_98,"這段判決書內容顯示，水利局就中佑公司在第一工程中溢領的工程款，除了主張不當得利返還外，還依據契約約定，加計了10%的懲罰性違約金。  雖然判決最終計算了溢領金額，並以此金額與第二工程的款項進行抵銷，但契約中明確約定了懲罰性違約金的計算方式，且此違約金並非基於實際損害的合理比例計算。

因此，最接近的分類是**懲罰性編號1**。
",1
99,案件_99,"根據提供的判決書內容，應分類為**懲罰性編號1**。

判決書中明確指出，系爭授權書載明本票作為「**求償懲罰性違約金之用**」，且法院也認定被告依據此授權填寫到期日，並非偽造。  雖然法院最終判決被告敗訴，原因是未舉證證明原告確實違約，但契約中本票的用途本身就設定為「懲罰性違約金」，符合懲罰性違約金的定義。  即使金額與實際損失無直接關聯，但契約中明確指出其目的為懲罰性違約金，而非單純的損害賠償。  因此，儘管最終結果是本票債權不存在，但契約條款本身的性質屬於懲罰性。
",1
100,案件_100,"根據提供的判決書內容，屬於**損害賠償性編號2**。

判決結果只判決被告需支付原告新台幣12,368元及利息。這個金額與原告最初請求的24,609,442元相差甚遠，法院經過詳細審理，駁回了原告大部分的請求，只支持了其中經被告確認的少量追加工程款項。這符合損害賠償的特性，即僅賠償實際產生的損失，而非懲罰性的額外罰款。  判決書中大量篇幅都在論述雙方契約條款的履行情況，以及原告請求款項的合理性，並非單純地對違約方進行懲罰。  雖然判決書中提及「逾期罰款」，但法院最終認定無法證明原告的逾期行為可歸責於原告自身，因此駁回了被告的抵銷抗辯。這也說明法院並未以懲罰性違約金的方式處理此案。
",2
101,案件_101,"根據提供的判決書內容，系爭契約第20條第1項約定的違約金被法院認定為**懲罰性違約金（編號1）**。

判決書中明確指出：「雖未特別明文約定為懲罰性違約金，然明顯係為強制上訴人確實履行其施作系爭石材工程之債務為目的；參之系爭契約第5條第6項、第7條第2項、第14條、第18條、第19條、第22條、第24條均有關於各種上訴人應負賠償責任之約款，可知系爭契約第20條除約定上訴人承攬系爭石材工程應於107年6月30日前完工，否則應賠償被上訴人逾期違約金外，上訴人不得因已給付逾期違約金而免除其完工之責任或合約規定之任何其他責任與義務，依上開說明，系爭契約第20條約定之性質，應屬懲罰性違約金。」

法院的判決並非單純根據違約金金額，而是基於契約條款的整體內容和目的來判斷其性質。  雖然判決中也討論了損害賠償問題，但重點在於釐清違約金的性質，並非將其當作損害賠償來計算。  因此，最接近的分類是**懲罰性編號1**。
",1
102,案件_102,"根據提供的判決書內容，本案更接近**損害賠償性編號2**。

雖然判決書中提及「懲罰性違約金」，並計算了1億2075萬6717元，但法院最終將其酌減至8452萬9702元，並用以抵銷履約保證金及代書費。  法院的這個行為表明，法院並沒有完全接受原契約中懲罰性違約金的設定，而是根據實際損失情況進行了調整。  判決書中大量的篇幅都在論述被上訴人(新北市政府) 因工程延宕產生的各種實際損失，並試圖將這些損失與上訴人的責任聯繫起來。這些損失的計算，例如地價稅、利息支出、律師費等，都屬於實際損害的範疇，而非單純的懲罰。

雖然違約金的初始設定可能具有懲罰性，但法院最終的判決結果更傾向於損害賠償的性質。  法院的酌減和抵銷行為，減少了懲罰性的成分，更突顯了對實際損害的考量。因此，選擇損害賠償性更為貼切。
",2
103,案件_103,"根據提供的判決書內容，以及你提供的懲罰性違約金與損害賠償性違約金的定義，此判決結果**最接近損害賠償性編號2**。

雖然判決書中提及「懲罰性違約金571,520元」，但法院最終並未判決採用此金額，而是駁回了第六河川局的此項主張。法院主要依據的是契約雙方之間的實際損失，並考量到第六河川局未合法終止契約的事實，來判定應給付錡鴻營造有限公司的金額。  判決的金額（3,651,426元）是基於多項實際損失的計算，例如履約保證金、預期利益損失、工程保留款、管制站及辦公室設施費等等，這些項目都與實際發生的損失直接相關。

雖然金額看似較大，但這是基於多項損失累計的結果，而非單純的懲罰性罰款。  法院對各項損失的計算及論述，也著重在實際損失的證明與計算上，而非對違約方的懲罰。因此，儘管判決書中出現「懲罰性違約金」的字眼，但最終判決結果的性質更偏向損害賠償性。
",2
104,案件_104,"這份判決書內容屬於**損害賠償性編號2**。

雖然判決書中涉及金額較大，也提及「違約金」，但仔細分析後，這些金額都是基於計算雙方實際損失與得利後作出的判決。例如：

* **溢領工程款：** 這是基於工程鑑定報告，計算國合營造實際施工完成的工程價值與長鴻電子已支付款項的差額，屬於不當得利返還。
* **逾期違約金：** 雖然契約中有違約金條款，但法院考量了實際遲延天數、天候因素、以及已完成工程的比例，最終酌減了違約金金額，並非單純的懲罰性罰款。法院的計算依據是未完成工程款項，而非整筆工程款。
* **額外支出工程款：** 法院駁回了長鴻電子這部分的請求，因為額外支出並未直接與國合營造的違約行為造成，而是長鴻電子在終止合約後，自行發包其他工程所產生。

總體來說，判決書中所有涉及的金額計算，都與雙方實際的損失和利益直接相關，法院也針對契約中的違約金條款做了合理的調整，使其符合損害賠償的原則，而非單純的懲罰。  因此，更符合損害賠償性的定義。
",2
105,案件_105,"根據提供的判決書內容，此案件屬於**懲罰性編號1**。

判決書中明確指出，原告主張被告應支付「懲罰性違約金」101萬9,560元，這是基於契約第9條第5項約定，因被告未依約派遣監造人員而產生的罰款。雖然判決書也提到扣除薪資的部分（63萬2,700元），但這部分與懲罰性違約金一同構成原告請求被告返還不當得利的基礎。  法院最終判決被告應支付165萬2,260元，此金額包含懲罰性違約金及扣除薪資，顯然超過了實際損失的範圍。  契約中約定的懲罰性違約金計算方式，以及法院的判決都符合懲罰性違約金的定義，而非單純的損害賠償。  即使法院在判決過程中分析了許多因素，但核心仍是基於契約中約定的懲罰性違約金條款。
",1
106,案件_106,"根據提供的內容，法院判決中涉及的違約金計算方式更接近**損害賠償性編號2**。

雖然契約中提及「系爭契約第11條第3項約定之逾期罰款屬懲罰性違約金」，但法院並未直接採用該懲罰性違約金的計算方式。法院考量了「客觀環境、社會經濟狀況、被上訴人違約情況、嗣追加工程施工後，業主認定無逾期完工，上訴人未因此受有損害等情事」，最終將每日違約金「酌減至以年息10%計罰」，並計算出總違約金8萬5405元。  這個計算過程顯示法院更注重實際損害的評估，而非單純執行契約中的懲罰性條款。  最終的違約金金額也並非一個預設的固定數額，而是經過計算得出的，與實際損失程度有一定關聯。

雖然契約中存在懲罰性違約金條款，但法院的判決結果更傾向於基於實際損害來確定違約金的數額，符合損害賠償性的特徵。
",2
107,案件_107,"懲罰性編號1

雖然判決書中涉及因違失行為造成的損失（例如太魯閣號事故造成的損失），但判決結果（張政源降壹級改敘、祁文中記過壹次、陳仲俊降壹級改敘）是對違規行為的行政懲罰，而非基於具體財務損失的賠償。  這些懲罰措施與實際造成的財務損失金額 (16億元) 無直接關聯，且其金額也並非用以彌補任何實際損失，而是基於違規行為的嚴重性而給予的處罰。  因此，更符合懲罰性違約金的定義。
",1
108,案件_108,"根據提供的判決書內容，可以判斷其為**損害賠償性編號2**。

判決書主要在釐清原告（營造公司）與被告（陸軍專科學校）之間承攬契約解除的責任歸屬以及相關款項的支付問題。  被告依據契約約定沒收履約保證金和扣除逾期違約金，這些金額並非額外罰金，而是基於原告未依約完成工程且可歸責於原告的違約行為所產生。判決書詳細審理了雙方各自的論述，最終認定原告違約，駁回原告的請求。

雖然判決書中提及「逾期違約金」218萬4,000元，但這筆款項是根據契約約定，並非額外懲罰，而是基於原告逾期違約所產生的實際損失（因工程延誤而造成的損失）。  且該金額在判決中被視為合理，而非超過合理比例的懲罰性違約金。  判決書著重於分析原告是否負有違約責任，以及依契約約定應如何計算相關款項，這更符合損害賠償性的特徵。

因此，儘管其中涉及金額計算，但整體來看，判決書的重點在於釐清責任與損失賠償，更符合損害賠償性的定義，而非懲罰性。
",2
109,案件_109,"根據判決書內容，案件涉及的是**損害賠償性編號2**。

判決書中提到，因承包商違約，業主已扣款109萬609元，此金額與總契約金額3,656萬166元相比比例甚低。  此外，判決書也明確指出，業主與承包商就逾期違約金315萬7,717元、懲罰性違約金25萬3,733元達成調解，且已扣款。這表明，涉及的金額是基於實際損失和雙方協商的和解金額，而非單純的懲罰性違約金。  雖然提及「懲罰性違約金」，但此款項已作為和解的一部分，並納入實際損失的賠償範圍，最終的扣款金額顯然遠低於可能產生的懲罰性違約金，且已與實際損失掛鉤。  因此，儘管文本中出現「懲罰性違約金」字眼，但整體來看更符合損害賠償的性質。
",2
110,案件_110,"本判決屬於**損害賠償性編號2**。

雖然判決書中涉及金額計算過程複雜，且原告求償金額遠高於最終判決金額，但最終法院判決的33,334元，是基於原告已完成工程的價款扣除被告可抵銷的費用後所剩餘的金額。法院仔細審查了雙方提出的證據和契約條款，逐項認定哪些費用原告可以請求，哪些費用被告可以抵銷。最終判決金額並非懲罰性罰款，而是對原告實際損失的補償。  判決中涉及的「逾期違約金」雖然在契約中被稱為「懲罰性違約金」，但法院最終並未支持被告對此項違約金的全部請求，而是根據實際逾期天數進行了部分支持，這也是基於損害賠償的原則。  因此，整體來看，本判決更符合損害賠償性的定義。
",2
111,案件_111,"根據提供的法院判決書內容，判決結果是基於實際損失和違約責任進行賠償，並考量了違約行為的嚴重性與原告實際已完成的工程進度，而非單純的懲罰性違約金。法院對違約金金額進行了酌減，並根據實際損失、已完成工程量、以及重新發包的額外支出等因素，最終確定了賠償金額。因此，更接近**損害賠償性編號2**。  雖然判決書中提及“沒收履約保證金”，但法院最終的處理方式是根據實際情況進行了調整，部分沒收，部分返還，並非完全沒收，這也更符合損害賠償的性質，而非單純的懲罰。
",2
112,案件_112,"根據提供的判決書內容，案件屬於**損害賠償性編號2**。

雖然判決書中提到被告因原告遲延完工而被業主扣罰了1,195,125元的違約金，但法院的判決是基於原告實際完成的工程量與已支付款項的差額來計算的，並將被告因原告延遲完工所造成的損失（1,195,125元）與原告應得的工程款進行抵銷。  這符合損害賠償性的特點：補償實際損失，而非額外懲罰。  最終判決金額365,458元並非任意罰款，而是經過抵銷後剩餘的金額，與原告實際完成工程且未獲得支付的款項直接相關。  這個金額並未明顯超過合理損失的比例(30%)，且判決過程也詳細分析了雙方實際的工程進度和款項支付情況。
",2
113,案件_113,"根據提供的內容，這份文件是最高法院的民事裁定書，闡述的是關於承攬工程報酬的訴訟結果。裁定書中描述了雙方在工程款項計算上的爭議，包含工程款、代墊費用、修繕費用等，並最終裁定上訴駁回。  裁定書中並未涉及任何「懲罰性違約金」或明確指出任何一方需支付超過實際損失範圍的罰款。  因此，儘管裁定書提及上訴人請求的「懲罰性違約金」不被法院認可，但裁定書本身並非關於懲罰性違約金的設定。  所有涉及的金額計算，都與實際工程款項、費用支出以及已支付款項的抵銷相關。

因此，最接近的分類是**損害賠償性編號2**。  裁定書的焦點在於釐清雙方因工程而產生的實際財務責任，而非對任何一方施加額外懲罰。
",2
114,案件_114,"根據判決書內容，原告請求300萬元違約金，系爭契約約定「因可歸責乙方事由造成甲方之損失，甲方有權要求雙倍損失賠償或新台幣300萬元之懲罰性違約金(取較高者，本條文僅限於本合約中所訂客戶)」。  法院認為原告未舉證證明損害與被告行為的因果關係，因此駁回原告請求。

雖然契約中提及「300萬元之懲罰性違約金」，但法院並未認定此違約金為懲罰性，而是因為原告未能舉證其損害與被告行為之間的因果關係，所以駁回其請求。  因此，雖然契約條款有懲罰性違約金的字樣，但實際上此案的判決結果更接近**損害賠償性編號2**。  因為法院的審理核心在於原告是否能證明其300萬元的損失，以及該損失是否確實是由被告行為造成，而非單純地執行契約中約定的懲罰性違約金。
",2
115,案件_115,"經過審閱提供的臺灣高等法院高雄分院民事判決書內容，判決書中涉及的款項計算包含了瑕疵修補費用、逾期違約金以及工程款，並最終進行了抵銷。雖然契約中約定了違約金，且計算方式是以每日違約金額乘以遲延天數，帶有懲罰性違約金的某些特徵。但法院最終判決的結果是基於雙方實際的損失與義務來計算，並非單純的懲罰性罰款。法院詳細審理了雙方違約行為造成的實際損失，並考量了瑕疵修補費用、逾期違約金以及工程款的合理性，最終進行抵銷計算，得出被上訴人應得的金額。

因此，儘管契約中有懲罰性違約金的條款，但法院的判決更傾向於**損害賠償性編號2**。  判決結果並非單純的懲罰，而是基於實際損失和契約條款進行的綜合考量。
",2
116,案件_116,"根據提供的判決書內容，此判決涉及的違約金計算方式，**最接近損害賠償性編號2**。

判決書中，法院詳細審理了雙方關於工程款項和違約金的爭議，並基於鑑定報告，釐清了各項工程款的支付情況以及工期延誤的原因。法院最終判決名盛公司應支付杏鋼公司部分工程款，同時駁回了名盛公司請求杏鋼公司支付大部分違約金的請求，僅判決杏鋼公司支付少量因工期延誤產生的違約金(9天)。  法院的判決結果並非簡單地根據契約約定的違約金比例進行判決，而是仔細審核了實際的損失和延誤的原因，並考量了契約中關於工期延誤的條款，最終判決的違約金金額與實際的工期延誤天數相符，並非遠超過實際損失的範圍。

雖然契約中約定了違約金的計算方式，但法院並未完全採用該約定，而是根據實際情況和證據進行了調整，這與損害賠償性的特點更為符合。  因此，即使契約中違約金的計算方式看似高額，但法院的最終判決結果更傾向於損害賠償的性質。
",2
117,案件_117,"根據提供的判決書內容，杏鋼公司與名盛公司之間的違約金計算屬於**損害賠償性編號2**。

判決書中詳細審理了雙方就工程款項及違約金的爭議，並根據鑑定報告、契約條款及相關證據，計算出杏鋼公司應獲得的工程款以及名盛公司應支付的違約金金額。  計算違約金的過程考慮了工期延誤的實際原因，並扣除了因不可抗力因素及合約約定可展延的期間，最後計算出名盛公司應支付的違約金遠低於其最初索賠金額，這顯示法院並未單純以懲罰為目的計算違約金，而是試圖量化並補償名盛公司因杏鋼公司延誤造成的實際損失。

雖然契約中約定了違約金的計算方式（每日契約價金總額千分之二），但法院最終判決的違約金金額遠低於按照此公式計算出的數額，並充分考慮了實際情況，這符合損害賠償性的特徵。  法院的裁決是基於對實際損失的計算，而非對違約方的懲罰。  因此，儘管契約中存在違約金條款，但法院的判決結果將其歸類為損害賠償而非懲罰性違約金。
",2
118,案件_118,"此判決書內容主要涉及**損害賠償性編號2**。

雖然判決書中提及「遲延費用（依每日租金總額兩倍計算）」,  看似懲罰性違約金，符合懲罰性編號1的部分特徵。但法院的判決結果顯示，此費用僅適用於被告實際遲延返還70公尺H型鋼材的部分，其金額(12萬9036元)與實際損失(延遲返還期間的租金的兩倍)存在直接關聯，並非額外且不合理的懲罰。  判決書詳細計算了損失，並區分了因遲延返還和因毀損遺失所造成的不同損害，並依據契約條款進行賠償計算，這更符合損害賠償的性質。

而原告請求的211萬1688元(包含不當得利及懲罰性違約金)部分，法院也未全數支持，僅判決部分金額（19萬3554元），這也說明法院並未認同原告全部請求為懲罰性賠償。

因此，整體來看，儘管存在部分懲罰性違約金的元素，但判決的重點在於賠償原告的實際損失，更符合損害賠償性違約金的定義。  選擇損害賠償性編號2更貼切地反映了判決的本質。
",2
119,案件_119,"根據提供的判決書內容，此案屬於**損害賠償性編號2**。

雖然契約中約定了每日千分之三的違約金，原告也以此計算請求高額賠償，但法院最終判決駁回原告請求，並認定雙方已達成和解，被告支付500萬元作為賠償。法院的判決顯示，500萬元的賠償金額是基於雙方協商和解的結果，並非單純地依據契約中約定的違約金計算。  法院也考量了被告的實際情況（疫情影響、上游廠商加價等），以及原告已收取款項的事實，最終認定500萬元是對實際損失的合理賠償，而非懲罰性的。

儘管契約中的違約金條款看似懲罰性，但法院並未以此為基準判決，而是根據雙方實際達成之和解，因此更接近損害賠償性的性質。
",2
120,案件_120,"懲罰性編號1

雖然判決書中多次提到「酌減違約金」，並最終將違約金降至100萬元，看似符合損害賠償性的特徵。但契約中切結書的條款約定，若使用非黃蕊木，則需賠償「系爭工程之實木工項全數契約金額及與其有關之介面工項任何損失」，此金額遠高於可預期的實際損失，且與實際損失無明確連結，明顯具有懲罰性質。  法院的酌減行為，是針對懲罰性違約金過高而做的調整，而非將其轉化為損害賠償性違約金。因此，更貼近懲罰性違約金的定義。
",1
121,案件_121,"根據提供的法院判決書內容，此判決屬於**損害賠償性編號2**。

雖然判決書中提及履約保證金兼具懲罰性違約金性質，但法院最終並未全額沒收履約保證金，而是酌減為180萬元，並判決返還16萬元（196萬元-180萬元）。  法院的酌減行為正是基於考量違約方（上訴人）的違約情節、被違約方（被上訴人）所受損害，以及公共利益等因素，並非單純地以懲罰為目的。  判決的結果更接近於對實際損失的補償，而非對違約行為的額外懲罰。  因此，更符合損害賠償性的定義。
",2
122,案件_122,"根據提供的法院判決書內容，案件屬於**損害賠償性編號2**。

判決書中，法院針對原告的請求，逐項審理並計算，最終判決被告支付特定金額，這些金額並非源於契約中約定的懲罰性違約金，而是基於原告所受的實際損失（例如逾期完工造成的損失、借款未還等），並考量了各項因素後，酌減或駁回部分原告的過高請求。  法院的裁決是基於對實際損失的計算和認定，而非對違約行為的額外懲罰。  雖然判決書中提到「懲罰性違約金」字樣，但法院最後並沒有以此為基礎判決，而是以損害賠償為基礎進行計算。  因此，儘管契約中可能存在懲罰性條款，但法院的判決結果更接近損害賠償的性質。
",2
123,案件_123,"根據提供的判決書內容，這屬於**損害賠償性編號2**。

判決書的核心在於審理原告超然營造公司因工程逾期被扣罰違約金的案件。法院審理後，認定部分扣罰違約金過高，屬於不當得利，應予以返還。判決書詳細審查了原告主張的逾期原因，並逐一判斷其合理性，最終將違約金酌減至一個較低的金額（123萬4,889元），這個金額是基於對原告實際損失的計算和考量，而非單純的懲罰。  雖然契約中約定了違約金的計算方式，但法院並未直接套用該方式，而是根據事實和法律條款重新計算了一個「相當」的金額，這更符合損害賠償的性質。  法院的酌減行為本身就說明了，原先契約中約定的違約金金額被認為過高，不符合損害賠償的原則。

因此，儘管契約中存在違約金條款，但法院的判決結果更接近損害賠償性違約金的定義，而非懲罰性違約金。
",2
124,案件_124,"根據提供的法院判決書內容，判決結果屬於**損害賠償性編號2**。

判決書中，法院針對雙方提出的請求，逐一審查並計算了應給付的金額。這些金額是基於實際損失（例如未付工程款、代墊費用）以及經法院鑑定後的工程款調整金額計算得來的，並非額外罰金或懲罰性違約金。雖然判決書中提及契約中關於逾期違約金的條款，但法院並未以此計算損害賠償，而是基於實際情況及相關證據，判定宏民公司和恆生公司各自應負擔的責任和金額。  因此，判決結果更貼近損害賠償的性質，而非懲罰性。
",2
125,案件_125,"本判決中，被告需支付原告新台幣210,135元，以及利息。此金額是經過法院審理後，從原告主張的568,475元，扣除被告主張的抵銷金額（懲罰性違約金194,750元）後所剩餘的金額。  雖然契約中提及懲罰性違約金，但法院最終判決的金額並非懲罰性違約金本身，而是基於實際損害賠償後經過抵銷的結果。因此，更接近**損害賠償性編號2**。  法院考量了原告已完成的工作、被告的違約行為以及雙方主張的抵銷請求，最終判決的金額是對原告實際損失的補償，而非單純的懲罰。
",2
126,案件_126,"根據提供的內容，這更接近**損害賠償性編號2**。

雖然判決書中涉及金額較大，且有扣除保證金的條款，但這些金額的計算是基於實際損失（下水道工程分署因天發公司違約而需另行發包的費用）和違約責任（高程誤差罰款）。判決書詳細審查了雙方提出的費用和損失，並進行了抵銷計算，最終判決結果並非單純的懲罰性罰款，而是試圖在損失與賠償之間取得平衡。  雖然部分保證金的扣除帶有懲罰性質（沒收約款），但其依據仍是契約中關於違約責任的約定，並非額外附加的懲罰性違約金。  因此，整體來看，判決更傾向於損害賠償性的性質，而非單純的懲罰性。
",2
127,案件_127,"根據判決書內容，此案例中的違約金計算方式應屬於**懲罰性編號1**。

判決書中明確指出系爭結構工程契約及系爭裝修工程契約都約定：「逾期應按日支付全部工程總價金額千分之零點伍計算作為**懲罰性違約金**。」  這個條款直接說明違約金的性質是懲罰性的，而非基於實際損害賠償。儘管法院最後判決的金額低於原告請求金額，但這是因為法院考量了被告因不可歸責於己之事由而應展延的工期，並非改變違約金本身的懲罰性性質。  法院僅就可歸責於被告的違約部分計算懲罰性違約金，並非將其認定為損害賠償金。
",1
128,案件_128,"根據提供的判決書內容，花蓮縣政府向宏展興公司請求的款項包含逾期違約金、查核扣點罰款、品管費用、溢領工程款等，這些金額與宏展興公司未依約履行契約所造成的實際損失或費用相關。雖然判決書中提到「逾期違約金」，但法院最後判決的金額(150萬元)是經過審酌實際損失、完工比例、花蓮縣政府所受損害及社會經濟狀況等因素後酌減的，並未單純以契約約定的罰金為準。因此，更接近**損害賠償性編號2**。


雖然契約中約定了逾期違約金的計算方式，但法院並未完全採納，而是根據實際情況進行了調整，這符合損害賠償的特性，即旨在補償實際損失。  因此，儘管契約中存在懲罰性條款的可能性，但最終的判決結果更符合損害賠償的定義。
",2
129,案件_129,"根據提供的判決書內容，判決結果顯示反訴被告(金暐工程顧問有限公司)應給付反訴原告(王元鴻)新台幣壹佰貳拾伍萬柒仟參佰伍拾元(1,257,350元)。 這個金額是基於反訴原告主張的違約金，並考量了原告的工程款以及雙方工程瑕疵的扣除。判決書中詳細計算了違約金的數額，並說明了計算依據。雖然金額較高，但它直接與反訴原告因工程延誤造成的損失(以每日千分之一計算違約金)掛鉤，並經過法院的審理和計算，而非單純的懲罰性罰款。因此，更接近**損害賠償性編號2**。  雖然違約金計算方式未於契約中明確約定，但法院基於雙方陳述與證據，認定其為損害賠償性質的違約金，而非懲罰性違約金。
",2
130,案件_130,"根據提供的判決書內容，屬於**懲罰性編號1**。

判決書中指出，承包商（上訴人）未經同意使用爐碴混凝土，導致工程瑕疵，這屬於重大違約。法院根據契約附錄中的規定，判決對承包商處以「5%、10%之懲罰性違約金」。  雖然判決書也提到損失金額（例如因混凝土不合格而需扣除的費用、堤防長度不足的費用等），但「5%、10%之懲罰性違約金」這部分明顯是額外懲罰，與實際造成的損失並不完全成比例，更超過合理的損害賠償範圍。  法院的判決主要在於懲罰承包商的違約行為，而非單純補償被上訴人的實際損失。 因此，更符合懲罰性違約金的定義。
",1
131,案件_131,"根據提供的判決書內容，以及您提供的懲罰性違約金與損害賠償性違約金的區分標準，本案更接近**懲罰性編號1**。

判決書中明確指出，契約中關於履約保證金的條款（第14條第3款第4目及第21條第4款）具有「沒收約款」的性質，在承攬人違約的情況下，保證金可以「全數沒入」。  法院也認可了這一點，並最終判決台灣自來水公司得沒收大部分的履約保證金。這與懲罰性違約金的定義相符，因為沒收的金額遠超過實際損害的合理範圍，目的是懲罰違約方而非僅僅補償損失。雖然判決書中也提到了損失賠償的計算過程，但最終的結果仍是沒收大部分履約保證金，這顯示懲罰性的目的更為突出。  因此，儘管其中包含了部分損害賠償的計算，但整體性質更符合懲罰性違約金的定義。
",1
132,案件_132,"根據提供的法院判決書內容，這屬於**損害賠償性編號2**。

判決書中，法院認定被告扣罰原告的350萬元違約金過高，並非基於實際損害，而是懲罰性質。法院將其酌減至100萬元，並基於原告承攬比例70%判決被告應返還175萬元（350萬元*70% = 245萬元，判決書中因計算方式略有出入，但最終判決金額在175萬元附近）。  這符合損害賠償性違約金的特徵：法院針對過高的違約金進行了調整，使其符合合理的損害賠償範圍，並非單純的懲罰。  雖然判決書中使用了「懲罰性違約金」字樣，但法院的最終判決是基於對實際損失的考量進行了減額，這與懲罰性違約金的本質相悖。  法院的行為是調整違約金至合理範圍內的損害賠償，而不是維持原有的懲罰性金額。
",2
133,案件_133,"根據提供的判決書內容，反訴中被告(昱光能源)主張的「按日賠償總工程款千分之三計算之懲罰性違約金」屬於**懲罰性編號1**。

判決書中明確指出被告主張的是「懲罰性違約金」，且金額與實際損害無直接關聯，符合懲罰性違約金的定義。雖然法院最後駁回了被告的反訴請求，但並不影響其主張本身的性質。  因此，即使法院未判決支付該違約金，其性質仍屬於懲罰性違約金。
",1
134,案件_134,"根據提供的判決書內容，這屬於**損害賠償性編號2**。

判決書中雖然提及了「逾期違約金」，但法院最終將其酌減至1000萬元，並說明是考慮到被告的違約情狀和原告遭受的實際損害後，為了兼顧雙方利益而作出的決定。  這與懲罰性違約金的定義不符，法院並非單純地對被告進行懲罰，而是基於實際損害情況進行了調整。  其他部分如溢付工程款、保固保證金、以及因終止契約造成的額外支出，都是基於實際損失計算的賠償。  因此，整體而言，更符合損害賠償的性質。
",2
135,案件_135,"本判決結果顯示，判決金額新臺幣伍拾伍萬陸仟柒佰玖拾元（NT$556,790）並非單純的懲罰性違約金，而是基於被告違約行為所造成的實際損害而判決的賠償。雖然判決書中提及違約金，但最終判決金額是根據被告的違約行為（未依約現場丈量、未盡監造義務等）造成的損失所計算，並非任意設定的懲罰性金額。法院審酌了多項因素，包括合約條款、鑑定報告、被告的辯護等，最終判決金額相對來說較為合理，符合損害賠償的原則。

因此，最接近的分類為**損害賠償性編號2**。  雖然部分違約行為可能觸及懲罰性違約金的條款，但法院最終的判決並未以懲罰為主要目的，而是以賠償實際損失為依據。
",2
136,案件_136,"根據判決書內容，此屬於**損害賠償性編號2**。

雖然契約約定違約金計算方式為每日工程總價千分之三，看似高額，但法院考量了多項因素，包括：

* **違約金計算基準：**是以整體工程總價計算，而非實際損失部分。
* **法院減額：**法院認為約定過高，將每日千分之三減為千分之1.5，顯示法院並未將其視為純粹的懲罰性違約金。
* **實際損失考量：**法院在判決中明確考慮了原告因被告違約而產生的額外支出（71萬5,220元）。  法院的裁決金額1,275,000元，是基於法院自行計算的違約金(考量減額後)，並非單純依照契約約定的金額，而是考量了實際損害情況後作出的判決。

因此，儘管契約中存在高額違約金的約定，但法院的判決並非以懲罰為目的，而是基於實際損失和公平原則，對違約金進行了調整，最終判決金額更接近實際損失的範圍。  這符合損害賠償性違約金的特性。
",2
137,案件_137,"根據提供的臺灣高等法院民事判決內容，此判決屬於**損害賠償性編號2**。

判決的核心在於釐清湯泉美地管委會是否能基於契約條款解除契約並要求元大公司返還款項。法院最終認為管委會無法依據合約約定解除契約，因為元大公司雖然存在部分未依約完工的情形，但這些瑕疵並不構成合約中定義的「重大瑕疵」，且不影響消防設備主要功能。  法院駁回了管委會請求元大公司返還款項的要求。  雖然判決中提及合約中「每遲延1天應賠償新臺幣1萬元之懲罰性違約金」及「另賠償甲方新臺幣50萬元作為懲罰性違約金」，但法院並未依此判決，而是基於實際情況判斷瑕疵的嚴重程度，並最終駁回了管委會的請求。  因此，判決的結果並非懲罰元大公司，而是基於對契約及事實的解釋，判定管委會的請求無理由。  所以更偏向損害賠償性質的判斷，而非懲罰性。  即使合約中存在懲罰性違約金條款，法院也沒有據此判決，反而著重於判斷實際損害與契約履行情況。
",2
138,案件_138,"根據提供的判決書內容，屬於**損害賠償性編號2**。

判決書中，法院判決亞業營造有限公司應返還原告新台幣1,841,147元，這是基於亞業公司在工程款項計價上存在溢收款項的事實，屬於對實際損失的補償。判決書詳細闡述了溢收款項的計算過程和法律依據，並非額外罰金，而是基於契約及相關法律規範所作出的損害賠償。雖然判決中提到系爭工程契約第5條第3項提到「溢領價金」，但法院的判決並未將其解讀為懲罰性違約金，而是根據實際損失情況進行的賠償。  利息部分也是基於遲延給付的損害計算，而非懲罰。

因此，本判決符合損害賠償性違約金的特性，更接近編號2的描述。
",2
139,案件_139,"根據判決書內容，該違約金應屬於**懲罰性編號1**。

判決書中明確指出契約約定「如被告未能如期完工，逾期一日須給付原告總工程款之1％即1萬4500元之懲罰性違約金」。  原告最終請求130萬元，雖與實際損失有部分關聯（包含工程款返還及部分損害賠償），但其中包含了因逾期完工而計算出的高額「懲罰性違約金」，其計算方式與逾期天數直接掛鉤，而非基於實際損失的合理比例計算。  498萬8000元的懲罰性違約金計算，遠超過一般損害賠償的合理範圍(超過損害的30%)，更符合懲罰性違約金的定義。 即使原告最終只請求130萬元，但其依據仍包含了懲罰性違約金的計算方式，因此整體仍屬於懲罰性違約金的性質。
",1
140,案件_140,"依據提供的判決書內容，法院認定合鉅公司（被告）與齊威公司（原告）之間的違約金為**損害賠償性編號2**。

判決書中，法院根據鑑定報告，計算出合鉅公司在工程中的缺失，並將此缺失的修補費用（2,530,935元）作為減少合鉅公司應得報酬的依據。  法院並未將違約金視為對合鉅公司的懲罰，而是基於實際損害來計算。  雖然契約中約定了逾期違約金，但法院考量到齊威公司的行為也影響了工程進度，並最終將違約金大幅降低到253,094元，這個金額與實際損害的比例相對應，遠低於懲罰性違約金的標準。  因此，整體來看，法院的判決更接近損害賠償性的認定。
",2
141,案件_141,"根據提供的判決書內容，法院認定契約中的違約金條款屬於**懲罰性編號1**。

判決書中明確指出：「系爭契約第18條第21項約定：『本契約約定之各種違約金均屬懲罰性違約金性質，機關如因廠商之違約受有損害，並得向廠商請求賠償』」，且法院最終也基於此性質，將違約金從原本計算出的金額酌減至100萬元。這符合懲罰性違約金的定義：契約明確指出違約金性質為懲罰性，且法院基於公平原則進行酌減，而非單純計算實際損害。  雖然法院最後判決的金額 (100萬元) 較低，但這並非改變違約金條款本身性質的依據，其依據仍是懲罰性違約金的規定。
",1
142,案件_142,"這份判決書描述的是**損害賠償性編號2**的案例。

雖然判決書中提及「逾期違約金」、「台電高壓用電設備費用」、「保險費」等款項的扣減，但這些扣減金額並非無端懲罰，而是基於契約約定，並與承包商的實際違約行為（逾期完工、設備瑕疵、保險不足）和實際造成的損失（工期延誤導致的損失、設備瑕疵修復費用、保險缺口）相連結。法院的判決也基於對這些損失的計算和雙方契約的解讀，並非簡單地判處懲罰性違約金。  判決中詳細審查了各項扣款的理由及金額是否合理，並考量了工期展延等因素，最終確認了扣款的合理性，這更符合損害賠償性的特點。  總金額雖然看起來很大，但那是因為工程總價高，且違約時間長，導致多項損失累積的結果，而非單純的懲罰性加倍賠償。
",2
143,案件_143,"根據判決書內容，法院認定系爭採購契約第17條第9項的約定為**懲罰性違約金(編號1)**。

雖然判決結果是要求被告返還180萬元，這個金額看似與實際損失（100萬元賄款的兩倍）相關，但法院的論述明確指出該條款的性質是懲罰性違約金，其目的在於杜絕貪瀆，而非單純補償實際損失。法院也說明了考量公共利益以及該條款與政府採購法第59條的相似性，因此認為2倍利益的扣除並非過高。  這符合懲罰性違約金的定義，即其金額目的不在於補償損失，而在於懲罰違約行為。  因此，即使金額與實際損失掛鉤，但由於其性質被認定為懲罰性違約金，最終分類應為**懲罰性編號1**。
",1
144,案件_144,"根據提供的判決書內容，可以判斷該契約中涉及的違約金計算方式更接近**損害賠償性編號2**。

雖然判決書中多次提及「懲罰性違約金」，但仔細分析，法院最終判決的金額是基於實際損失和履約保證金的計算，並非單純的懲罰性罰款。法院駁回了被告主張的大部分違約金，並僅扣除了與實際瑕疵修復費用相關的金額。  這些金額與實際損失或費用直接相關，並非額外且不成比例的懲罰。  法院的計算方式是根據工程契約條款、鑑定報告，以及工程實際狀況來決定應給付的金額和應扣除的費用，這更符合損害賠償性的特徵。  雖然計算過程存在爭議，但最終判決結果仍然圍繞在實際損失的補償上，而非對違約方的額外懲罰。
",2
145,案件_145,"這份判決書內容屬於**損害賠償性編號2**。

雖然判決結果金額（311萬9700元）看似較高，但判決書詳細說明了該金額的組成：

* 返還第一期款項：2,096,997元
* 監造費用損失：375,689元
* 重新招標價差損失：2,025,014元
* 違約罰款：2,000元

這些都是基於原告實際發生的損失，並扣除了被告已繳納的履約保證金1,380,000元。  判決書中仔細地計算了每一項損失，並依據相關法條和契約條款說明其合理性。 因此，儘管總金額較高，但它並非額外罰款，而是對原告實際損失的賠償。  判決書也駁回了原告請求的逾期違約金，這進一步支持了其損害賠償而非懲罰性的性質。
",2
146,案件_146,"根據提供的法院判決書內容，該案件爭議焦點在於344萬3140元保證金的性質以及是否應予返還。法院最終判決上訴人（正傳營造）需返還此筆款項，並基於不當得利為由，而非契約中約定的懲罰性違約金。

雖然契約中約定違規轉包可沒收保證金，但法院認定因政府機關（被上訴人）已將保證金發還，且承包商的違約行為（轉包）造成政府機關的損失與已發還的保證金金額相符，因此認定此保證金性質為**損害賠償性編號2**。  法院並未認定此為超過實際損失的懲罰性違約金。  法院的判決是基於「給付型不當得利」，其核心在於因違約行為導致的給付缺乏法律上原因，而非對違約行為本身的額外懲罰。  因此，即便契約有懲罰性條款，法院的判決並未以此為依據。
",2
147,案件_147,"根據提供的法院判決書內容，判決結果中被告應給付原告新台幣29萬1,746元，以及利息。這筆金額是**損害賠償性編號2**。

判決書中詳細闡述了雙方在工程款項上的爭議，並根據契約條款、工程進度、雙方舉證等，最終確定了被告應支付的金額。  這筆錢並非額外罰金，而是法院根據事實和法律認定被告應支付的款項，用以補償原告的實際損失（即使是部分損失的補償）。  金額也並非遠超過合理損害賠償範圍。因此，更符合損害賠償性的定義。
",2
148,案件_148,"根據提供的判決書內容，此判決屬於**損害賠償性編號2**。

判決書詳細審理了原告與被告之間的工程款及鋼板樁租金糾紛，並逐條分析了雙方提出的主張和證據。法院最終判決被告應支付原告444萬9990元，這筆金額是基於雙方契約、實際工程款、鋼板樁租金，以及扣除被告提出的部分合理抵銷項目後計算得出的。

雖然判決書中提到了契約中的違約金條款，但法院並沒有將其作為懲罰性違約金來計算，而是詳細審理了被告主張違約的各項事實，並根據證據判斷其是否成立，最終僅扣除了部分被告有充分證據證明、且與實際損失相關的費用。  法院判決的金額與原告的實際損失（工程款和租金）密切相關，並非額外懲罰。因此，更符合損害賠償性的定義。
",2
149,案件_149,"根據提供的判決書內容，案件的核心爭議在於履約保證金的性質以及其是否可以與其他違約金和損害賠償互為抵銷。判決書中提到上訴人主張可以沒收履約保證金作為懲罰性違約金，而原審判決未充分說明履約保證金約定的性質以及其與其他債務的抵銷關係。

雖然判決書中提及了「送審逾期違約金」、「裁罰違約金」、「額外損害及衍生程序費用」等，但這些金額的計算依據與是否超過實際損失的比例並未在判決書中詳細說明。  因此無法明確判斷其是屬於懲罰性違約金還是損害賠償性違約金。

然而，由於上訴人主張將履約保證金作為**懲罰性**違約金，且最高法院認為原審判決未充分說明此點，因此，就本案提供的內容而言，選擇**懲罰性編號1**更為貼切。  因為核心爭議點著重在履約保證金的懲罰性性質，這更符合懲罰性違約金的定義和判決書中呈現的爭議焦點。
",1
150,案件_150,"根據提供的判決書內容，判決結果顯示的3,914,393元屬於**損害賠償性編號2**。

判決書詳細審理了雙方關於工程款、違約責任、損失計算等爭議，並非簡單地處罰一方。判決中明確計算了原告已完成工程的價值，並考慮了被告因原告違約而產生的額外費用（重新發包溢價及委託其他公司施作費用）。最終判決金額是雙方請求權經過抵銷後的結果，旨在補償原告的實際損失，而非對原告進行懲罰。  雖然判決書中提到了「懲罰性違約金」，但法院最終並沒有採納被告關於懲罰性違約金的請求。因此，最終的判決金額更符合損害賠償的性質。
",2
151,案件_151,"選擇 **損害賠償性編號2**

雖然判決書中提及履約保證金，並有部分被沒收，但這部分更接近於因違約而造成的損失補償，而非額外懲罰。  判決結果4,087,799元以及利息的計算，是基於雙方權利義務的平衡，考量原告已完成部分工程款、展延工期費用、保證金返還，並扣除被告因原告違約造成的損失（重新發包差額、設計監造費用、積水罰款）後得出的淨額。  整體而言，判決的金額試圖補償實際損失，而非對違約方進行額外的懲罰。  因此，更接近損害賠償性質。
",2
152,案件_152,"根據提供的內容，這份裁定書描述的是一宗承攬契約糾紛，上訴人（台運營造）主張被上訴人（文諺水電）應支付1386萬元的「懲罰性違約金」，理由是被上訴人逾期未修繕工程瑕疵。然而，法院認為上訴人自身行為（禁止被上訴人進場施工）導致被上訴人無法完成工程及驗收程序，因此上訴人要求支付的1386萬元違約金缺乏法律依據。

法院的裁定中，明確指出上訴人請求的1386萬元是「懲罰性違約金」，且認為此請求「難認有據」。這符合**懲罰性編號1**的描述：金額遠超過實際損害的合理比例（1386萬元遠高於54萬453元的修繕費用），且無法直接與實際損失或費用相連結，是對違約行為的額外懲罰。

因此，選擇 **懲罰性編號1**。
",1
153,案件_153,"本判決內容屬於**損害賠償性編號2**。

雖然判決中涉及金額（4億578萬5626元）以及利息計算，但這些金額是基於清隆公司與新竹縣政府間工程款糾紛的實際損失計算而來，並非額外罰金。判決詳細審理了雙方爭議的各個方面，包括債權轉讓的有效性、工程款的計算、違約金的性質和計算方式，以及抵銷的可能性。最終判決的金額是經過詳細計算和分析後得出的，目的是為了補償上訴人（黃慕堯）因債權轉讓而遭受的實際損失，而非對被上訴人（新竹縣政府）進行懲罰。  判決中提到的違約金，也經法院認定為損害賠償預定性違約金，而非懲罰性違約金。  因此，最接近的分類是損害賠償性。
",2
154,案件_154,"根據提供的判決書內容，契約中「加3倍賠償」的條款應被歸類為**懲罰性編號1**。

判決書中明確指出，系爭契約第30條第2項約定的「加3倍賠償」具有懲罰的性質。雖然判決書最後將該懲罰性違約金酌減至2倍，但這並未改變其本質，仍然是基於懲罰違約方，而非單純補償上訴人實際損失的機制。  判決書也詳細計算了上訴人的實際損失，並與懲罰性違約金區分開來計算。  因此，儘管有損害賠償的計算，但“加倍賠償”本身的設定目的即為懲罰，符合懲罰性違約金的定義。
",1
155,案件_155,"根據提供的判決書內容，履約保證金的沒入性質被法院認定為**懲罰性違約金 (編號1)**。

判決書中明確指出：「系爭履保金應轉為違約金」、「並非係就債務不履行損害賠償數額予以約定之損害賠償預定性質之違約金，而係以強制債務之履行為目的，確保債權效力所定強制罰之懲罰性違約金甚明」。  法院也駁回了合欣等公司關於違約金過高應予酌減的主張，認為違約情節重大，且合欣等公司未舉證說明違約金過高而顯失公平。

雖然判決書也涉及損害賠償的計算和抵銷，但這些是基於契約約定，用於計算最終的款項支付，而非違約金本身的性質判斷。  違約金的性質是由契約條款及法院的詮釋決定的，而法院明確將其歸類為懲罰性違約金。
",0
156,案件_156,"根據提供的判決書內容，法院最終判決被告應返還原告新台幣390,250元，這是對被告先前扣罰原告逾期違約金490,250元中，超過合理範圍(酌減後為10萬元)的部分進行返還。

法院認為被告扣罰的490,250元違約金過高，並非完全基於原告實際造成的損害，而是包含了懲罰性質。因此，法院將其酌減至10萬元，其餘部分則認定為不當得利，應予返還。

雖然判決書中涉及金額計算，並提及契約中關於違約金的條款，但法院的最終裁決是基於**懲罰性違約金過高**的認定，並非純粹的損害賠償。因此，最接近的分類是**懲罰性編號1**。  法院的判決結果顯示，此違約金部分具有懲罰性質，且最終的返還金額也支持了此分類。
",1
157,案件_157,"這段文字是**臺灣高等法院臺中分院刑事判決書**的內容，描述的是一起貪汙案件的判決結果，而非民事契約。因此，懲罰性違約金與損害賠償的概念在此並不適用。  判決書中提及的「有期徒刑」、「罰金」、「沒收」等，是刑事處罰的內容，與契約違約金的性質完全不同。  所以無法選擇編號1或編號2。
",0
158,案件_158,"此文本為法院判決書，並非契約內容，因此無法根據題目提供的標準判斷其為懲罰性編號1或損害賠償性編號2。判決書內容描述的是刑事案件，涉及貪污罪、偽造文書罪等，判決結果包含有期徒刑、罰金、褫奪公權及沒收等處罰，這些都是刑事制裁，與契約違約金的性質不同。  因此，題目提供的分類標準在此情境下並不適用。
",2
159,案件_159,"根據提供的判決書內容，判決結果是支付新台幣1,538,215元，此金額包含已繳房地價款1,119,000元、遲延利息46,215元，以及違約金373,000元。

雖然判決書中提及系爭契約第24條第3款約定違約金為房地總價百分之十，並認定此違約金為懲罰性違約金，但最終判決金額是基於契約約定，並考量了實際的已繳房地價款、遲延利息和違約金計算所得。  法院在判決中也詳細審視了被告主張的工期延誤原因，並逐一判斷其是否符合契約約定中的不可抗力條款，最終計算出被告應負的責任。

因此，儘管契約中存在懲罰性違約金的條款，但最終判決的金額並非單純的懲罰，而是基於契約條款和法院對事實的認定，計算出被告應負的損害賠償責任。  更重要的是，判決金額並未明顯超過實際損失的合理範圍（雖然違約金本身具有懲罰性質，但最終計算考量了實際情況）。

因此，選擇**損害賠償性編號2** 更為貼切。  雖然包含了懲罰性違約金的計算，但整體判決結果更傾向於對實際損失的賠償。
",2
160,案件_160,"根據提供的法院判決書內容，此判決屬於**損害賠償性編號2**。

雖然判決書中提及契約約定違約金為房地總價的10%，看似超過了通常損害賠償的30%比例上限，且契約中也提及「違約之處罰規定」，但法院最終的判決結果並未完全採納契約中約定的懲罰性違約金比例。法院仔細審理了被告主張的不可歸責事由，並逐項判斷其是否合理，最終僅判決被告需支付部分違約金，以及遲延利息和已繳房地價款。這表示法院是基於實際損害的考量，而非單純執行契約中懲罰性的違約金條款。  法院的判決金額(973,382元)是基於實際損失（已繳房款、遲延利息和部分違約金）的計算，並非額外懲罰。因此，最接近的分類是損害賠償性。
",2
161,案件_161,"根據提供的判決書內容，此判決屬於**損害賠償性編號2**。

雖然判決書中提及被告可能違反契約中的懲罰性違約金條款，例如擅自委外資安作業、遲延交付等，但法院最終並未判決被告需支付懲罰性違約金。法院考量了原告的違約行為（遲延交付、未完全履行等），並在計算原告應得報酬時，考量了原告工作完成度（70%）及被告的實際損失（修復程式碼費用等），最終判決被告支付原告部分款項。  這符合損害賠償的原則：補償實際損失，而非額外懲罰。  法院最終判決的金額（170萬9,974元）也並非一個預設的固定數額或按契約條款預定的比例計算，而是基於法院對事實和證據的判斷，並考量到雙方責任後得出的結果。  法院的計算方式是基於原告實際完成的工作量以及被告因原告違約所產生的實際損失，進行權衡後得出的結果。這與懲罰性違約金的定義不符。
",2
162,案件_162,"本判決書涉及的違約金計算，屬於**懲罰性編號1**。

判決書中明確指出契約中約定了「懲罰性違約金」，並根據棄置廢棄物的數量和時間計算違約金金額。雖然法院最終將懲罰性違約金金額調整至符合契約中規定的上限（契約價金總額的20%），但其計算依據和本質仍是懲罰性的，而非基於實際損害的合理補償。  352萬8,000元的最初違約金金額遠高於實際損失，這也符合懲罰性違約金的定義。  即使法院減輕了懲罰，其根本目的仍是對違約行為的懲罰，而不是對實際損失的賠償。  因此，最接近的分類是懲罰性編號1。
",1
163,案件_163,"根據判決書內容，原告請求的違約金一開始是根據契約約定計算，但法院認為比例過高，予以酌減。雖然契約中約定了違約金計算方式，且金額達到工程總價的10%，看似符合懲罰性違約金的條件(編號1)，但法院最終僅判決被告需支付**2萬5467元**的違約金，這個金額遠低於契約約定的金額，也遠低於工程總價的10%。法院的裁決更偏向考量實際損失(剩餘工程款)，並將違約金酌減至一個較為合理的範圍。

因此，儘管契約條款初始設定偏向懲罰性，但法院的最終判決更接近**損害賠償性編號2**。  法院裁決的違約金金額是基於實際損失(未付工程款)來考量調整的，而不是純粹的懲罰。  雖然過程涉及了懲罰性違約金的計算方式，但結果是經過法院裁減後，更接近損害賠償的性質。
",2
164,案件_164,"根據判決書內容，系爭扣除兩倍利益債權以及系爭追繳押標金債權，都更接近**懲罰性編號1**。

判決書中法院認定「系爭扣除約定應屬懲罰性違約金之約定」，並說明其目的在於「確保公共工程之採購品質」，以及「維護政府採購制度之公共利益」。  雖然計算出的金額佔比不高，但法院認為考量公共利益及契約性質，不需依民法第252條、253條規定酌減。  關於追繳押標金，法院也認定其性質為行政處分，而非民事損害賠償。  這些都符合懲罰性違約金的特性，即目的不在於彌補實際損失，而在於懲罰違約行為及嚇阻作用。 即使金額比例看似不高，但因其性質屬於懲罰性，而非以實際損失為計算依據，故更傾向懲罰性違約金。
",1
165,案件_165,"根據提供的判決書內容，判決結果中關於反訴被告應給付反訴原告新臺幣壹拾壹萬伍仟伍佰伍拾陸元，以及訴訟費用分擔，這些都是**損害賠償性編號2**。

判決書詳細闡述了雙方爭議的計算過程，並依據工程契約、鑑定報告及相關證據，計算出反訴原告的實際損失。  雖然判決書中提及契約中有關於違約金的條款，但最終判決金額並非直接來自這些違約金條款，而是基於對實際損失的計算和考量。  判決金額與實際損失（重新發包差額、營運權利金損失、監造費增加等）有相對應關係，而非額外懲罰。  因此，更符合損害賠償的性質。
",2
166,案件_166,"根據判決書內容，此案件屬於**損害賠償性編號2**。

判決書詳細說明了原告璟德營造有限公司與被告聖騏營造有限公司之間的代工契約，以及因被告未支付工程款項而引發的訴訟。  法院審理過程中，詳細分析了契約條款，並考量了南區養工局因被告涉及政府採購法違規而暫緩支付款項的事實。法院最終判決被告應支付原告新臺幣伍佰壹拾參萬壹仟陸佰伍拾壹元，此金額是基於原告已完成的工程，以及契約中約定的工程款項（包含保固金、末期款、保留款）所計算得出的，並非額外罰金。雖然金額看似較高，但判決書中詳細論述了款項的計算依據，並非單純的懲罰性措施，而是基於實際損失做出的判決。  法院也考量了雙方契約中關於付款時間的約定，以及因為南區養工局的行為導致付款延遲的情況，並非認定被告蓄意違約而加重處罰。


因此，儘管金額較高，但判決的金額是為了補償原告的實際損失，符合損害賠償的定義，而非懲罰性違約金。
",2
167,案件_167,"根據提供的判決書內容，此案件屬於**懲罰性編號1**。

雖然判決結果駁回了原告的請求，但判決書中明確指出原告主張的是「懲罰性違約金」（系爭契約第6條第㈢項逾期罰款約定支付原告懲罰性違約金199萬8419元），計算方式為「工程總價千分之參但不得低於貳萬元給付甲方即原告」，此計算方式與實際損害無直接關聯，且金額顯著高於可能造成的實際損失，符合懲罰性違約金的定義。  法院最終駁回原告請求的原因並非該違約金計算不屬於損害賠償，而是原告未能證明被告有違約事實。  因此，契約條款本身設定的違約金性質是懲罰性的。
",1
168,案件_168,"本判決中，原告和被告的賠償金額都屬於**損害賠償性編號2**。

分析：

* **原告 (207萬6,760元):**  判決書詳細說明了賠償金額的組成：押金返還、裝潢費用、仲介費以及契約約定的違約金 (一個月租金)。雖然契約中提到了「懲罰性違約金」，但法院的判決是基於實際損失的計算，並非單純的懲罰性賠償。  金額雖然較高，但基於其構成項目，可以理解為對原告實際損失的補償，而非額外懲罰。

* **被告 (150萬元):**  被告的賠償是基於原告未將租賃物回復至堪用狀態所造成的損失。法院審酌原告裝潢預算及現況回復工程報價後，判定150萬元為合理賠償金額，並非一個超過合理範圍的懲罰性賠償。


雖然契約中出現「懲罰性違約金」字眼，但法院最終的判決依據的是實際損失，並未對違約方施以超過實際損失的額外懲罰。因此，整體而言，判決結果更符合損害賠償性的定義。
",2
169,案件_169,"這份判決書內容描述的是**損害賠償性編號2**。

判決書的重點在於計算上訴人(勝榮營造有限公司)應獲得的工程款項，並考量雙方在契約履行過程中的違約行為及責任。判決中列出了許多款項的計算，這些計算都基於實際發生的損失或費用，例如：

* **工程款項的計算：** 基於實際施工數量及契約約定進行計算，並考量工期展延、瑕疵修補等因素進行調整。
* **利息計算：**  基於遲延付款的時間和金額計算利息，符合損害賠償的原則。
* **履約保證金及手續費：** 判決考量了因被上訴人未及時驗收導致上訴人產生額外手續費的損失，並判決賠償。
* **瑕疵修補費用：**  判決中扣除了因勝榮營造瑕疵施工而產生的修補費用，這也是基於實際損失的賠償。


雖然判決中提及了一些違約金，但這些違約金的計算依據也都是基於實際損失，而非額外懲罰。例如，因文件逾期提交而產生的罰款，是基於契約條款約定的違約責任，並非無限制的懲罰性罰款。

總體而言，判決書中各項金額的計算與實際損害或費用有明確的連結，符合損害賠償的定義，而非懲罰性違約金的定義。  因此，選擇**損害賠償性編號2** 更為貼切。
",2
170,案件_170,"根據提供的法院判決書內容，以及你提供的懲罰性和損害賠償性違約金的定義，本案中「逾期違約金7,663,613元」更接近**懲罰性違約金（編號1）**。

判決書中明確指出，該違約金「性質上屬於懲罰性違約金」，並且法院也認為該金額並未過高。  契約本身也將違約金與其他損害賠償併列，並明文約定為懲罰性違約金。雖然法院有權力酌減過高的違約金，但本案法院認為7,663,613元是合理的，顯示該金額與實際損失的關聯性較弱，更偏向對違約方的懲罰。  法院的論述也考慮到公共利益的維護，進一步支持了懲罰性違約金的認定。

雖然原告也請求其他款項，例如PU材料實驗費和重新發包費用，這些部分更接近損害賠償性。但主要爭議點和判決重點在於逾期違約金，而該違約金的性質決定了整體分類更接近懲罰性違約金。
",1
171,案件_171,"這份判決書的內容**最接近損害賠償性編號2**。

雖然判決書中多次提到「懲罰性違約金」，但法院最終判決的金額是基於被告具體違約行為所造成的實際損失計算的（例如逾期罰款、未按圖施工等）。法院駁回了原告大部分請求的違約金，並僅支持了部分與實際損失有直接關聯的請求。  法院也審慎評估了每項違約金請求是否合理，並對部分請求提出質疑並予以駁回。這顯示法院並未簡單地接受原告提出的所有懲罰性違約金，而是依據契約條款和事實情況，考量了損害賠償的合理性。

雖然契約中存在懲罰性違約金條款，但法院的最終判決並未完全依據這些條款，而是根據事實和法律進行了權衡，最終的判決金額更接近於實際損害賠償的範圍。因此，更接近損害賠償性的分類。
",2
172,案件_172,"根據提供的判決書內容，屬於**損害賠償性編號2**。

判決書詳細審理了原告提出的各項款項請求，並逐一判斷其是否合理及有法律依據。針對原告主張的違約金部分（工程保固金扣除），法院並未直接認定為懲罰性違約金，而是依據民法第252條，審酌情節後酌減至合理的金額，並判決被告返還部分工程保固金。這顯示法院的判決是基於補償實際損失或損害的考量，而非單純的懲罰。  雖然判決書中提及「懲罰性違約金」，但法院最終的判決結果是基於損害賠償的原則，並未對被告處以超出實際損失範圍的罰款。  因此，儘管過程中有提及懲罰性違約金，但法院的最終裁決更符合損害賠償的定義。
",2
173,案件_173,"根據提供的判決書內容，判決結果顯示反訴原告（廣泰空調）獲得120萬元的賠償，以及利息。這筆款項是返還履約保證金，屬於**損害賠償性編號2**。

雖然判決書中提到原告（國防部）主張的逾期違約金和懲罰性違約金，但法院最後駁回了這些請求。因此，這些懲罰性違約金的請求，並未成為最終判決的一部分。最終判決僅針對履約保證金的返還，而這符合損害賠償的定義，其目的是補償因契約終止所造成的實際損失（保證金），而非對違約方進行額外懲罰。  因此，選擇**損害賠償性編號2**更為貼切。
",2
174,案件_174,"根據提供的契約內容以及懲罰性違約金和損害賠償性違約金的定義，本案最接近**損害賠償性編號2**。

雖然契約中提到了「按每逾期1日罰扣契約總價千分之0.5之懲罰性違約金」，但法院最終判決並未以此計算，而是根據實際的工程款項、代墊款項以及雙方協商後的扣款金額來判定應付金額。法院的判決是基於實際損失和雙方同意的事實，而非單純的懲罰性違約金。  判決書中詳盡地列出了各項款項的計算依據，並逐一審核雙方的說法，最終判決金額與實際損失有較高的關聯性。  逾期違約金條款的存在並不自動使其成為懲罰性違約金，關鍵在於法院的最終判決是否以此為依據。  在本案中，法院並未採用該條款，而是以損害賠償的思維進行計算。
",2
175,案件_175,"根據提供的判決書內容，被告（臺南市政府水利局）向原告（有德營造有限公司）請求的**118,000元懲罰性違約金**以及**1,109,710元逾期違約金**，性質較接近**懲罰性違約金（編號1）**。

雖然判決書中也涉及損害賠償的請求，例如重新發包的損害賠償，但這與118,000元和1,109,710元這兩個數字的性質不同。這兩個數字更像是對原告違約行為的懲罰，而非直接與實際造成的經濟損失掛鉤。判決書中也明確指出118,000元是「懲罰性違約金」，而1,109,710元的計算方式雖然基於逾期天數，但其比例（每日契約總價的3‰）也可能遠超過實際損失，符合懲罰性違約金的特徵。

因此，就題目要求選擇最接近的分類，答案為**懲罰性編號1**。
",1
176,案件_176,"根據提供的判決書內容，應歸類為**損害賠償性編號2**。

判決書中雖然提及「逾期違約金」，但法院最終判決的金額（612,770元）是原先請求金額（1,225,540元）的一半，並非一個預設的固定數額，且法院明確指出此金額是經過考量實際情況及公平性後酌減的結果。法院的判決也考慮了其他衍生費用，並將履約保證金納入計算，這些都符合損害賠償的特性，目的在於彌補被上訴人因上訴人違約所造成的實際損失。  儘管契約中約定了違約金計算方式，但法院並未全盤採納，而是基於公平正義原則進行了調整，這更支持其屬於損害賠償性的認定。  法院的判決最終目的是補償實際損失，而非對違約方進行額外的懲罰。
",2
177,案件_177,"根據提供的判決書內容，原告請求的7,384,405元違約金屬於**懲罰性編號1**。

判決書中，原告主張該違約金是基於契約中約定，按逾期天數計算工程總價千分之一。這符合懲罰性違約金的幾個特徵：

* **金額遠超過實際損害的合理比例:**  7,384,405元遠高於原告其他提出的實際損害賠償金額（例如修繕費用、租金損失等）。
* **無法直接與實際損失或費用相連結:**  違約金的計算方式與實際損失沒有直接關聯，僅與逾期天數掛鉤。
* **金額是預設的固定比例計算:**  千分之一的比例是預先在契約中約定的。


儘管判決結果駁回了原告請求這筆違約金，但判決書本身描述了原告請求違約金的依據以及其計算方式，清楚地表明其性質為懲罰性的，而非損害賠償性的。
",1
178,案件_178,"這份判決書內容屬於**損害賠償性編號2**。

判決書中，法官針對原告提出的各項請求，逐一審查其是否符合契約約定及相關法律規定，並根據雙方提供的證據，認定部分追加工程款、遲延利息應予給付，而部分請求則因缺乏證據或違反契約約定而予以駁回。  法官計算的金額是基於實際的工程費用、遲延時間和法定利率，並非額外懲罰性罰款。  雖然金額較高，但這是因為法官認定原告的許多請求是合理的，並非單純的懲罰性設定。  因此，判決結果更貼近損害賠償的性質，而非懲罰違約方。
",2
179,案件_179,"根據提供的法院判決書內容，更接近**損害賠償性編號2**。

雖然判決書中提到了「違約金」和「罰款」，但法院的判決過程著重於計算因違約行為造成的實際損失，並依據契約條款和民法相關規定，對違約金數額進行了調整和扣除，最終判決結果是基於雙方實際損失和工程款項進行的抵銷和計算。法院並未以懲罰為目的，而是力圖確定因違約造成的實際損害賠償金額。  判決書中多次提到「損害賠償」、「實際損失」等字眼，並仔細審核了各種費用的合理性，例如：重新發包費用、設計監造費用等等，力求準確計算實際損失，而非單純的懲罰違約方。

雖然部分條款提及「懲罰性違約金」，但法院的最終判決並未簡單套用這些條款，而是對其進行了詳細的審查和調整，使其更符合實際損失的範圍。  因此，儘管有“違約金”等字眼，但整個判決過程更偏向於損害賠償的計算，而非對違約方的懲罰。
",2
180,案件_180,"此判決內容屬於**損害賠償性編號2**。

雖然判決中提及「懲罰性違約金80萬元」，但這是法院在審理過程中，根據契約條款（第14條第㈢款第4目，關於履約保證金沒收的條款），以及原告的違約行為（嚴重延誤工期、工程品質不佳等），判定被告可以沒收部分履約保證金作為懲罰。  這並非契約中原本就約定好的懲罰性違約金，而是法院根據事實和契約條款作出的判決結果，其金額也經過法院的衡量，最終判決的金額1,005,371元是基於計算原告已完成工程款、扣除被告的損失（包括重新發包價差、缺失修復費用等）後剩下的履約保證金。  因此，其核心仍然是基於實際損失的賠償，而非單純的懲罰。  法院的判決結果更接近損害賠償的性質，而不是單純的懲罰。
",2
181,案件_181,"此判決書內容涉及的是**損害賠償性編號2**。

雖然判決書中提到「逾期懲罰性違約金」，但法院最終並未支持原告的此項請求，並認定系爭工程未能如期完成的原因不在於被告。法院支持的賠償金額（629萬2,064元）是基於反訴原告已完成工程的部分報酬以及履約保證金的返還，這些都屬於因違約行為造成的實際損失的補償，而非懲罰。  法院的判決理由詳細分析了工程延誤的原因，並非簡單地認定違約而處罰違約金。  因此，整體判決結果更符合損害賠償性的定義。
",2
182,案件_182,"根據提供的判決書內容，此判決結果屬於**損害賠償性編號2**。

判決書詳細審理了原告請求給付工程款的各項細節，並逐一判斷其合理性，最後判決被告應給付原告新臺幣1,601萬188元，這筆金額是基於原告實際施工的工程量、材料費用以及被告應負擔的責任等因素計算得出的。  判決中涉及了雙方對工程款項的協商、被告的抵銷抗辯（涉及實際損失的計算），以及對各項追加工程款的逐項審查，這些都符合損害賠償性的特徵。  雖然金額較大，但判決書已詳細說明了金額的計算依據，並非單純的懲罰性違約金。  因此，更接近損害賠償性的分類。
",2
183,案件_183,"根據提供的判決書內容，這屬於**懲罰性編號1**。

判決書中明確指出，系爭契約約定履約保證金不予發還的情況，兼具有懲罰性和損害賠償的性質。法院也最終認定，因被上訴人(唯翔營造)嚴重延誤工程進度，上訴人(台鐵)依約終止契約並沒收履約保證金是合法的，且該保證金具有懲罰性違約金的性質。  儘管判決書中討論了實際損害賠償金額，但最終判決的重點在於確認履約保證金的沒收行為的合法性，基於懲罰性違約金的契約約定，而非僅僅基於實際損害賠償的原則。  因此，即使計算了部分實際損失，但本質上是對違約行為的懲罰，而非純粹的損害賠償。
",1
184,案件_184,"這份判決書內容描述的是**損害賠償性編號2**。

雖然判決書中多次提及「懲罰性違約金」，但法院最終判決的金額855萬餘元，是基於原告提出的實際損失（逾期違約金、遲延給付損害賠償、不完全給付損害賠償）計算而來，並非單純的懲罰性罰款。法院也對原告提出的過高懲罰性違約金請求進行了酌減，最終判決金額遠低於原告最初請求的6800萬餘元。  法院的裁決著重於補償原告因被告違約造成的實際損失，符合損害賠償性的定義。  契約中雖然存在懲罰性條款，但法院並未完全採納，而是根據實際損害進行裁量。
",2
185,案件_185,"根據提供的內容，此判決書描述的是**損害賠償性編號2**。

雖然判決書中涉及大量的金額計算，並提及違約金，但這些金額的計算基礎都是基於上訴人聲稱的實際損失（例如：結算數量不足、遲延交付工地造成的額外費用、工程追加費用等等）。  法院逐條審理了這些聲稱的損失，並根據證據和契約條款進行判斷，最後只判決了部分金額，這與懲罰性違約金的性質不同。  法院的裁定更像是對實際損失的補償，而不是對違約方的額外懲罰。  判決書中也明確指出，品管違約金的性質為「損害賠償預定性違約金」，進一步支持了損害賠償性的判斷。

雖然金額總計很大，但這並非決定性因素，關鍵在於法院的判斷依據是基於實際損失的計算和補償，而非單純的懲罰。
",2
186,案件_186,"根據提供的判決書內容，此判決屬於**損害賠償性編號2**。

判決書中，法院審理了原告（傅堡工程有限公司）與被告（寶鑫營造股份有限公司）之間的工程款糾紛，最終判決被告應支付原告新台幣9萬5,016元。  這個金額是經過法院審理，考量雙方主張的工程款、逾期租金、以及被告因原告施工瑕疵所支出的費用後，經過抵銷計算得出的結果。  它並非額外罰金，而是基於實際損失情況所作出的賠償。  判決書中詳細列出了計算過程，並基於契約條款及證據進行判斷，最終的金額遠低於原告的請求金額，也並未提及任何懲罰性條款。  因此，更符合損害賠償的定義。
",2
187,案件_187,"依據提供的判決書內容，此案件屬於**損害賠償性編號2**。

雖然契約中約定了每逾期一日扣除工程總價千分之三的違約金，看似懲罰性。但法院最終根據鑑定報告，認定80天工期客觀上無法完成，並將合理工期訂為102天。法院並未完全採信原告的說法（主張完全不逾期），也考量被告並未因原告逾期而受損，因此將違約金酌減至千分之1.5，並依此計算出應扣除的金額。  

法院的判決是基於原告實際逾期時間（52天）以及酌減後的違約金比例計算得出最終的應付款項，其金額（241萬1,148元）並非單純的懲罰，而是基於實際情況的損害賠償計算。  法院的判決過程也顯示，其考量了實際損害，並未單純依照契約中的懲罰性條款進行判決。因此，更接近損害賠償性的分類。
",2
188,案件_188,"根據提供的判決書內容，契約中涉及的違約金計算方式更接近**懲罰性編號1**。

判決書中被告主張的扣款包含了「懲罰性違約金」，例如：

* 超估工程費用應扣懲罰性違約金33萬1629元。
* 瀝青試驗報告引用之配合設計報告與本工程無涉，應處原告懲罰性違約金10萬元。
* 為依契約規範辦理瀝青混凝土平整度試驗，應處原告懲罰性違約金及減省之試驗費用12萬2701元。

這些違約金的計算方式並非基於原告實際造成的損失，而是額外附加的懲罰，符合懲罰性違約金的定義。雖然判決書最終駁回了原告的請求，但被告提出的扣款項目中明確包含了懲罰性違約金，因此更符合懲罰性編號1的描述。  即使判決結果否定了這些懲罰性違約金的有效性，但契約本身設定了這樣的條款，仍然指向懲罰性違約金的性質。
",1
189,案件_189,"綜合法院判決書內容，此案例最接近**損害賠償性編號2**。

雖然判決中涉及金額計算和利息，但這些金額是基於雙方先前工程契約以及後續工程會調解建議所衍生的實際損失和費用計算而來。判決書仔細分析了雙方爭議的各個部分，並根據契約條款、工程會調解建議以及證據（鑑定報告、證人證詞等），逐項判斷上訴人請求的合理性，最後判決的金額並非額外罰金，而是根據實際情況，部分准許，部分駁回上訴人請求的賠償。  這符合損害賠償性違約金的特性，旨在補償實際損失，而非對違約方進行額外懲罰。  法院也運用誠信原則及過失相抵原則，調整了部分賠償金額，更突顯其損害賠償的性質。
",2
190,案件_190,"根據提供的判決書內容，違約金的性質更接近**損害賠償性編號2**。

判決書中多次提到「瑕疵修復費用54萬453元及加計一倍違約金54萬453元」，這部分明顯是基於實際產生的損害（瑕疵修復費用）而計算的，屬於對實際損失的補償，而非額外的懲罰。  雖然契約中也提到「懲罰性違約金」，但法院並未支持上訴人以此抵銷款項的主張，並最終判決為損害賠償性質的違約金。

雖然契約中存在懲罰性違約金的條款，但法院的判決結果並未採用該條款，而是基於實際損失進行了損害賠償的計算。因此，整體來看，更符合損害賠償性的定義。
",2
191,案件_191,"根據提供的法院判決書內容，判決結果是基於雙方契約、民法及票據法等相關法律條文，針對工程款項、保固金及違約金等爭議進行審理。法院最終裁定部分支票債權不存在，並確認被上訴人（承攬方）應獲得部分工程款及保固金，而上訴人（委託方）則可從未支付的工程款中扣除部分違約金。

關鍵在於法院對違約金的認定和計算。法院認定合約中的違約金條款具有懲罰性，並非完全基於實際損害賠償，因此對違約金金額進行了大幅度的酌減。  最終判決的違約金金額 (285,000元)  遠低於原告主張的金額 (2,727,048元)，且與上訴人實際損失的關聯性也較弱。法院的酌減行為直接體現了對懲罰性違約金的處理方式。

因此，儘管判決中涉及金額計算，並基於實際情況進行調整，但整體而言更接近**懲罰性編號1**。  因為契約中的違約金條款本身具有懲罰性，而法院的判決只是對這個懲罰性條款進行了修正，而非單純的損害賠償計算。
",1
192,案件_192,"本判決書中涉及兩種不同的違約金：

* **A契約的74萬元違約金:**  法院認定A契約有效，被告收取74萬元簽約金有法律依據，並駁回了原告要求返還的請求。法院認為被告已因原告片面解約產生至少69萬5,655元的損失，因此74萬元的違約金並未顯然過高。這更接近**損害賠償性編號2**，因為法院判斷的依據是考量被告實際已發生的損失，而非單純懲罰原告。

* **B契約的7萬元違約金:**  法院認B契約有效，但原告片面解除契約。雖然B契約第10條約定違約金為契約剩餘期間的保養費總額（13萬4,400元），但法院認為此金額過高，酌減為7萬元。法院考量了反訴原告已投入的人力及資源，以及反訴被告片面解約且未充分說明理由等因素。這比較接近**損害賠償性編號2**，雖然有懲罰性質，但法院基於公平考量進行了大幅度的減免，並將其定性為違約損害賠償，而不是純粹的懲罰性違約金。


綜合來看，雖然判決書中提及「懲罰性違約金」，但法院最終判決的金額都與實際損失或合理損失範圍有所關聯，並進行了適當的調整，因此更接近**損害賠償性編號2**。
",2
193,案件_193,"根據提供的判決書內容，屬於**損害賠償性編號2**。

判決書中涉及的是因工程逾期完工而產生的違約金計算問題。雖然契約中約定每日千分之三的違約金，且設定了總價20%的上限，看似懲罰性較高，但法院最終根據民法第252條，考量了實際情況和公共利益，將違約金酌減至契約總價的15%。  法院的判斷基於實際損害的考量，並非單純對違約方的懲罰，而是對違約金數額的合理調整。  此外，法院也處理了物價調整款的請求，這也屬於損害賠償的範疇。

雖然一開始契約中的違約金計算方式看起來傾向懲罰性，但法院的最終判決結果更著重於對實際損失的補償，並考量了各種因素進行調整，因此更接近損害賠償性的定義。
",2
194,案件_194,"根據提供的判決書內容，判斷為**損害賠償性編號2** 更為接近。

雖然判決書中提及「懲罰性違約金」，但法院並未採納大買家公司以此為由抵銷工程款的說法。法院的判決是基於實際工程款的支付情況、扣押命令的效力以及契約的履行情況來確認巧悅公司對大買家公司尚有7,375,712元工程款債權。  判決結果並非對違約方（巧悅公司）進行額外的懲罰，而是基於事實認定後所作出的債權確認。  法院主要考量的是扣押命令生效後的支付行為是否有效，以及工程款項的實際支付與保留款項的實際情況。  這更符合損害賠償性的定義，即補償由違約行為所造成的實際損失。  即使大買家公司主張違約金，法院並未支持其說法。


因此，儘管契約中可能存在懲罰性違約金條款，但本判決的結果更符合損害賠償的性質。
",2
195,案件_195,"根據提供的判決書內容，這起案件涉及的違約金性質更接近**損害賠償性編號2**。

雖然契約中提及按減價金額2倍計算的違約金（326萬0,864元），看似懲罰性，但法院最終將其酌減至81萬5,216元。法院的裁決考慮了實際損害（包括人力、物力成本、時間延誤等），並非單純的懲罰。  法院判決中仔細審視了每項違約金的計算依據，並根據契約條款及實際情況進行調整，最終判決金額與實際損失較為接近，而非遠高於實際損失的範圍。  因此，儘管契約本身可能包含懲罰性條款，但最終的判決結果更傾向於損害賠償的性質。
",2
196,案件_196,"根據提供的判決書內容，案件爭議點在於勞動契約終止的效力及是否構成違法解僱，而非違約金的計算。判決書詳細描述了原告鄧文豪與被告IBM之間的爭執，涉及印章使用、解僱通知、退休申請以及相關的法律程序。

判決書中涉及的金額（薪資、退休金等）是基於勞動契約的關係，旨在補償原告因僱傭關係終止而遭受的損失，而非對違約方進行懲罰。雖然原告主張遭到脅迫與詐欺，但法院最終認為原告的退休行為是基於其自身自由意志，因此駁回了原告的請求。

因此，最接近的分類是**損害賠償性編號2**。  判決書並非針對契約違約金的判決，而是針對勞動契約終止效力的確認及相關損害賠償的請求。
",2
197,案件_197,"根據提供的判決書內容，違約金的計算方式符合**懲罰性違約金（編號1）**的特性。

雖然判決結果最終僅判決被告支付1152萬8406元，但判決書中明確指出，系爭合約第12條第1項第1款約定「每逾期一日罰扣未完成工程金額總價千分之三作為懲罰性違約金」，並以工程合約總價的20％為上限。  法院雖然最終計算的違約金金額（403萬9185元）經過審酌後有所調整，但其起點仍然是基於「懲罰性違約金」的契約條款，而非單純的損害賠償。  法院的調整是基於民法第252條，針對約定金額過高進行減額，而非否定其懲罰性的性質。  因此，儘管最終金額較低，其本質仍然屬於懲罰性違約金。


因此，選擇 **懲罰性編號1**。
",1
198,案件_198,"本判決結果顯示，法院僅判決被告（新北市樹林區公所）需支付原告（群義工程有限公司）新台幣10,025元以及利息。這個金額遠低於原告最初請求的2,131,016元，也遠低於原告主張的各種損失總額。

法院的判決顯然是基於**實際損害賠償**的原則，而非懲罰性。判決中仔細審理了原告提出的各项損失赔偿请求，並逐一駁回大部分請求，只認可了印花稅等極小部分的損失。  雖然原告曾要求加倍返還履約保證金，但法院認定其性質非違約定金，駁回了該請求。  這一切的判斷都指向了損害賠償的性質，而非對違約方的懲罰。

因此，選擇**損害賠償性編號2**。
",2
199,案件_199,"根據提供的判決書內容，本案屬於**懲罰性編號1**。

雖然判決結果是要求被告支付1,522,712元，看似與實際損失掛鉤(重新發包費用扣除保證金後餘額)，但法院的判決理由中明確指出，被告繳納的履約保證金4,956,000元，因契約約定(第14條第3款)，在可歸責於被告的事由導致契約終止的情況下，將其視為懲罰性違約金，並非僅僅作為損害賠償的抵扣。法院也引用最高法院判例說明履約保證金在特定條件下轉變為懲罰性違約金的性質。

雖然法院最後的判決金額考量了重新發包的實際費用與保證金的抵扣，但其根本依據是將履約保證金認定為懲罰性違約金，並非完全基於實際損害賠償的計算。這符合懲罰性違約金的定義，即即使部分金額與實際損失相關，但其核心仍是對違約行為的懲罰。  因此，儘管有損害賠償的成分，但整體性質更傾向於懲罰性。
",1
200,案件_200,"根據提供的判決書內容，這屬於**損害賠償性編號2**。

雖然判決金額高達1789萬6616元，但判決書中明確指出該金額源自被告龍冠公司與其法定代理人簽署的「履約曝險擔保同意書」。  同意書中列明了各項損失的細項計算，包括已支領款項的退還、履約保證金、採購設備款項、收入損失以及作業費用等，這些都與原告因被告違約而遭受的實際損失直接相關。  法院也明確說明了考慮了民法第252條關於違約金過高的規定，但最終認為被告未舉證證明該金額過高，因此維持原判。

因此，雖然金額龐大，但其依據是雙方事先達成的和解協議，且協議內容詳列了實際損失項目，並非單純的懲罰性違約金。法院的判決也基於該協議以及對實際損失的認定。  所以更接近損害賠償的性質，而非懲罰性。
",2
201,案件_201,"這份判決書內容描述的是**損害賠償性編號2**。

判決書的核心在於計算工程款給付與違約金的抵銷。雖然契約中約定了每日按工程總價千分之一計算的逾期罰款，但法院最終將其認定為損害賠償總額預定，而非懲罰性違約金。法院詳細審理了工期延誤的原因、雙方就星期日是否計工期的約定、以及各階段完工時間的認定，最終將逾期罰款金額大幅減低至300萬元，並以此金額從應付工程款中扣除。  這個過程充分體現了法院根據實際情況，考量雙方損益來判斷賠償金額，而非單純地對違約方進行懲罰。  最終判決金額與實際損失（工程款減去合理的違約金）相關聯，符合損害賠償的定義。
",2
202,案件_202,"根據判決書內容，第柒條約定中明確提及「20萬元違約處罰金」，且判決書中也認定該違約金性質屬「懲罰性違約金」，其目的在於處罰而非填補損害。這符合**懲罰性編號1**的定義。  因此，本判決內容屬於**懲罰性編號1**。
",1
203,案件_203,"根據提供的法院判決書內容，**最接近懲罰性編號1**。

雖然判決書中多次提及「損害賠償額預定性違約金」，並討論了違約金是否過高以及是否應依民法第251、252條酌減，但核心爭議點在於計算違約金的基礎和逾期天數的認定。  被告依據契約約定，以總契約金額的20%計算違約金，此比例本身已遠高於一般損害賠償的合理比例（通常不超過30%）。即使法院最後判決駁回原告請求，也並非認定該違約金是合理的損害賠償，而是基於原告在舉證和契約履行程序上的不足。  

判決書中，原告與被告對於逾期天數及可否展延工期有激烈的爭辯，說明違約金的計算基礎並非單純基於實際損害，而是與契約履行中各種爭議的認定息息相關。  這種將總契約金額作為計算違約金基礎的作法，更符合懲罰性的特點，而非純粹的損害賠償。  因此，即使契約中使用了「損害賠償額預定性違約金」的用語，其性質更接近懲罰性違約金。
",1
204,案件_204,"這份判決書描述的是**損害賠償性編號2**。

雖然判決中涉及金額（100萬5539元），但該金額是法院根據第三河川局因被告詐欺行為所遭受的實際損失（摻假混凝土的費用，加上相關費用及稅金）計算得出的。  法院明確否決了原告要求的額外懲罰性違約金，並且詳細分析了損害賠償的計算過程，並非單純的罰金或超過損失範圍的金額。  判決書的重點在於賠償因違約行為（詐欺）造成的實際經濟損失，符合損害賠償的定義。
",2
205,案件_205,"This is a complex legal document detailing a court case involving a construction contract dispute.  The core of the dispute revolves around the calculation of payments owed to the contractor (福清營造股份有限公司) by the Taipei City Government Environmental Protection Bureau (臺北市政府環境保護局).  The court is deciding on several claims for additional payments, including those for delays and additional work.

While the contract mentions a ""懲罰性違約金"" (punitive penalty for delay), the court's decision focuses heavily on determining the *actual* damages and compensation owed based on the specifics of the delays and the contractor’s claims for additional costs.  The court meticulously analyzes each claim for delay, considering whether the delay was attributable to the contractor or the government.  The final awarded amount is a sum of various components, meticulously calculated based on specific claims and evidence presented.

Therefore, despite the mention of a punitive clause in the contract, the overall ruling leans much closer to **損害賠償性編號2 (compensatory damages)**. The court's process is about determining actual losses and compensating for them, not about imposing arbitrary penalties.  The final amount awarded is the result of detailed calculations related to specific proven damages.
",2
206,案件_206,"這份判決書的內容屬於**損害賠償性編號2**。

判決結果是要求被告返還原告2,625,896元的保固保證金，這筆錢是原告先前交付的，作為工程保固的擔保。  判決書詳細闡述了雙方對於原告是否溢領款項的爭議，以及契約中關於保固保證金返還的條款。法官最終判定被告的扣款主張無據，因此判決返還保證金。

這符合損害賠償的特性：

* **補償實際損失：**  判決的目的是返還原告的保證金，這是原告的實際財產損失。
* **金額與損失相符：**  判決金額與原告主張的保證金金額完全一致。
* **沒有額外罰金：**  判決沒有附加任何額外的罰款或懲罰性措施。


雖然契約中提到「懲罰性違約金」，但判決並沒有根據此條款進行判決，而是基於對事實和契約條款的解釋，判定被告無權扣留保證金。  因此，整體判決結果更符合損害賠償的性質。
",2
207,案件_207,"根據提供的判決書內容，契約中涉及的金額計算方式包含：

1. **不予計價款項:**  因使用不合格混凝土料(爐碴)而被判定不合格的部分，工程款項不予計價。這部分是基於實際損害，屬於損害賠償性質。

2. **逾期違約金:**  因工程逾期未完成而計算的罰款。  判決書中明確指出，這部分金額的計算方式是依照契約約定，例如每日千分之三計算，但有上限。雖然稱為「懲罰性違約金」，但其計算方式與實際逾期天數掛鉤，並非一個預設的固定金額，比較接近損害賠償性質，旨在補償因延誤造成的損失。

3. **未發還履約保證金:**  因違約而未發還的部分履約保證金。這部分是基於契約約定，屬於損害賠償性質。

綜合以上，雖然判決書中出現「懲罰性違約金」的字眼，但其計算依據是實際的違約行為和造成的損失，並非額外、不合理的懲罰。因此，整體而言，更接近**損害賠償性編號2**。  雖然部分違約金計算比例可能超過單純損害的30%，但考量到整個工程的複雜性以及違約的嚴重性（使用不合格材料），法院的判決結果並非單純的懲罰，而是基於整體事實和契約約定所作出的裁決。
",2
208,案件_208,"根據提供的判決書內容，1295萬元的金額被認定為**懲罰性違約金 (編號1)**。

判決書中明確提到該金額是根據「一般條款第31條第2項規定」判定的「懲罰性違約金」，且仲裁庭並未將被告已兌現的590萬元履約保證金納入計算。  這符合懲罰性違約金的定義，即與實際損失無直接關聯，並作為對違約行為的額外懲罰。  雖然原告試圖以抵銷等方式主張該金額應被扣減，但法院並未支持其主張。  因此，判決書中認定之1295萬元，其性質更接近懲罰性違約金而非損害賠償金。
",0
209,案件_209,"根據提供的法院判決書內容，案件的核心爭議在於新北市政府水利局(被上訴人) 是否有權利扣除得洲工程有限公司(上訴人) 180萬元的工程款，作為其未依約提供完整擋土設施照片的懲罰。

雖然判決書中多次提及「懲罰性違約金」，且水利局的扣款行為也具有懲罰性質，但法院最終以民法第251條、第252條為依據，將原先180萬元的懲罰性違約金「酌減」至90萬元。這顯示法院認定了該違約金的性質，並非純粹的懲罰，而是基於違約行為造成一定損害的賠償。法院的酌減行為也暗示，原先的180萬元金額過高，超過了合理的損害賠償範圍。

因此，雖然帶有懲罰性質，但考量法院的最終判決結果以及其酌減金額的行為，本案更接近**損害賠償性編號2**。  雖然被界定為「懲罰性違約金」，但法院的處理方式更符合損害賠償的邏輯，即依違約情節酌定賠償金額。
",2
210,案件_210,"這段文字是法院判決書，描述的是貪污案件的判決結果，其中涉及賄賂、偽造文書等罪名。判決書中提到的罰金（例如集得思工程顧問有限公司被科處罰金新臺幣參拾萬元），是基於違法審查圖利罪（政府採購法）的判決結果，目的是對違法行為進行處罰，而非賠償實際損失。  因此，更接近**懲罰性編號1**。
",1
211,案件_211,"這段文字是**臺灣南投地方法院的刑事判決書**，內容描述多名被告犯下貪污、偽造文書等罪行，並對其罪行進行判決，包含有期徒刑、罰金、褫奪公權以及沒收不法所得等處罰。

判決書中提到的罰金以及沒收不法所得屬於**損害賠償性（編號2）**，而非懲罰性（編號1）。

雖然判決書中涉及罰金（例如集得思工程顧問有限公司被處以新台幣三十萬元罰金），但這些罰金與被告的犯罪行為直接相關，目的是沒收其不法所得，用於補償受害者或國家所遭受的損失，而非單純對違約方進行懲罰。  判決中的刑期和褫奪公權才是對犯罪行為的懲罰。  因此，更貼近損害賠償性的定義。
",2
212,案件_212,"這份判決書描述的是一場關於工程款支付的訴訟，並非單純的契約條款分析。判決書中涉及了損害賠償和違約金的計算，但重點在於法院根據雙方契約、行為和證據，最終裁決雙方各自應負擔的責任和金額。

判決書中提到的金額，例如工程款19,694,232元以及違約金的計算，都基於雙方契約中關於付款條件、驗收標準、違約責任等條款，以及實際發生的事實來判斷。  法院並非單純地引用契約中的違約金條款進行懲罰，而是根據違約事實和造成的損害來判定金額。  法院甚至對違約金的數額進行了酌減，顯示其並未單純以懲罰為目的。

因此，儘管判決書中存在違約金的計算，但更貼近**損害賠償性編號2**的描述。  法院的判決旨在對雙方因契約履行過程中產生爭議的實際損失進行補償，而非對違約方進行額外的懲罰。  即使違約金的計算方式看起來像是預設的固定比例，但法院最終的裁決是基於對事實的判斷和對損失的衡量。
",2
213,案件_213,"根據提供的判決書內容，法院判決被告應連帶給付原告新臺幣伍佰肆拾陸萬肆仟肆佰參拾陸元，這筆金額包含了逾期罰款（376萬2367元）和因遲延給付造成的損害賠償（170萬2069元）。

逾期罰款部分，是根據契約中約定的每日罰款比例計算而來，雖然金額較高，但它與違約行為（工期延誤）直接相關，且其計算方式在契約中已有明確規定。這符合**損害賠償性編號2**的第1點和第4點，即「補償由違約行為所造成的實際損失」以及「若契約中涉及雙方協商的和解金額，且金額與實際損失相符，則屬於損害賠償性」。  雖然金額看似偏高，但判決書中已詳細說明計算過程，並非單純的懲罰性條款。

損害賠償部分，則是原告因被告延遲完工而代墊的費用，扣除被告尚可領取的工程款後，所剩餘的金額，這也是基於實際損失而進行的賠償。這也符合**損害賠償性編號2**的定義。

因此，儘管金額總計較高，但基於判決書中詳細的計算過程和損失的合理性說明，更接近**損害賠償性編號2**。  雖然逾期違約金的計算方式類似懲罰性違約金，但因其基於契約約定且與實際損失有直接關聯，故最終選擇**損害賠償性編號2**。
",2
214,案件_214,"根據提供的判決書內容，此判決屬於**損害賠償性編號2**。

判決書的核心是關於工程款的給付，原告得益營造有限公司要求被告國立臺灣科技大學返還溢收的逾期違約金。法院經過審理，根據鑑定報告等證據，認定原告確實存在逾期，但被告溢收了違約金，因此判決被告返還部分違約金。

這個判決的金額 (285萬1523元) 是基於原告實際逾期天數重新計算違約金後，被告多收的部分，與實際的損失直接掛鉤。這符合損害賠償性的定義，而非對違約方進行額外的懲罰。雖然判決書中提到了契約中的違約金條款，但法院最終是根據實際情況重新計算並判定溢收部分，而非直接套用契約中的懲罰性條款。  因此，即使契約中可能存在懲罰性違約金的約定，此判決的結果更符合損害賠償的性質。
",2
215,案件_215,"根據提供的判決書內容，法院最終判決被告應返還原告新台幣玖拾陸萬肆仟玖佰肆拾捌元，這是對被告先前扣除的逾期違約金進行了酌減後的金額。

雖然契約中約定了每日按服務費總額千分之0.5計算逾期違約金，上限為服務費總額的20%，這看起來像是懲罰性違約金的設定。但是，法院考量到被告未提出因原告延誤而造成的具體損失，且營造廠商也聲明未受影響，因此將違約金酌減至150萬元。  這顯示法院並未完全採信契約中懲罰性的違約金條款，而是根據實際情況進行了調整，最終判決金額是基於對原告實際損失的補償。

因此，儘管契約條款帶有懲罰性違約金的影子，但法院的判決結果更接近**損害賠償性編號2**。  法院的裁決著重於補償原告因被告不當扣款所遭受的實際損失，而非對被告的懲罰。
",2
216,案件_216,"根據提供的判決書內容，被告主張的抵銷項目中包含「修補逾期之懲罰性違約金」，金額高達42萬元。這符合懲罰性違約金的定義：金額與實際損失不成比例，且作為對違約行為的懲罰。  雖然判決書也提及其他損害賠償項目，但懲罰性違約金的存在足以將此分類歸為**懲罰性編號1**。
",1
217,案件_217,"根據提供的判決書內容，判斷此契約中的違約金條款更接近**懲罰性編號1**。

雖然判決書中提及「懲罰性違約金」，但最終法院將其金額從原告主張的104萬135元減至50萬元。這顯示法院認為原告主張的金額過高，不完全等同於實際損害。  然而，即便法院減低了金額，其本質仍然是對被告違約行為的懲罰，而非單純的損害賠償。  因為1040萬元不予計價的金額遠大於實際損害，而10%的違約金設定，明顯超過了損害賠償的合理範圍。  即使法院裁定減額至50萬元，也仍具有懲罰性質，而非完全基於實際損失的計算。  因此，此條款更符合懲罰性違約金的定義。
",1
218,案件_218,"此判決結果應歸類為**損害賠償性編號2**。

雖然契約中約定了懲罰性違約金（千分之五的工程造價），法院最終判決被告支付新台幣360萬元，並非依據原告請求的懲罰性違約金總額（3000萬元，甚至原告最初請求的數億元）。  法院考量了多項因素，包含先前判決結果的拘束力（爭點效）、原告後續處分土地等行為，最終判決金額顯然是基於對實際損失的評估後作出的合理調整，而非單純懲罰性賠償。 判決中也提到考量了「葉高罔市（按工程造價65% 計算）之預期利益損害逾2274萬餘元，受有被告未付（92年2月1日至98年7月30日止）房租補貼款之損害2340萬元」，顯示法院是根據實際損失進行計算。  因此，儘管契約本身存在懲罰性條款，但法院的判決結果更傾向於損害賠償的性質。
",2
219,案件_219,"根據提供的判決書內容，此屬於**損害賠償性編號2**。

判決書的核心在於被上訴人（建築師事務所）因工程延誤，請求上訴人（銀行）支付其在延誤期間內增加的監造費用。法院審理的重點在於釐清工程延誤的原因，並判斷哪些延誤屬於被上訴人可歸責範圍，哪些則不可歸責。最終法院判決上訴人需支付161萬890元，這是基於被上訴人因不可歸責於己的延誤而產生的實際費用，而非對違約行為的懲罰。

雖然判決書中提及上訴人主張的「懲罰性違約金」，但法院並未支持此主張，而是基於實際損害的計算，認定被上訴人有權獲得合理的費用補償。因此，判決結果更接近損害賠償的性質。
",2
220,案件_220,"根據提供的判決書內容，被告主張的「依系爭承攬契約第7條第1項之規定，原告應給付懲罰性違約金1億9,416萬1,563元」屬於**懲罰性編號1**。

判決書中明確指出該違約金是基於原告逾期完工，且計算方式為每日按承攬工程總價5‰計算，與實際損失沒有直接關聯，金額也遠超過可能的實際損失。法院最後雖然將金額酌減至1200萬元，但其性質仍屬於懲罰性違約金，而非損害賠償。
",1
221,案件_221,"根據判決書內容，此案件涉及的是**懲罰性編號1**。

判決書中明確指出，契約中約定的「扣除兩倍利益」屬於懲罰性違約金，而非損害賠償。法院也說明了此約定與政府採購法類似，旨在避免不當利益介入採購契約，以維護公共利益。  雖然原告試圖主張依民法第252條、第253條請求酌減，但法院認為此約定並無過高，因此駁回原告請求。

至於押標金的追繳，法院認定其為行政處分，而非損害賠償性質的違約金。  因此，無論是「扣除兩倍利益」或是「追繳押標金」，都不符合損害賠償性的定義。  兩者都屬於對違約方的懲罰，而非對實際損失的補償。  因此，整體而言，更接近懲罰性違約金的分類。
",1
222,案件_222,"This is a **損害賠償性編號2**.

While the judgement involves substantial sums of money, the court's reasoning focuses on compensating for actual losses and breaches of contract.  The amounts awarded are tied to specific contract breaches and the court's calculation of damages based on the partially fulfilled contract and the invalid termination agreement.  There's no mention of penalties independent of the actual losses incurred. The court meticulously details the calculations of damages based on the proportion of work completed, making it clear that the compensation aims to rectify the financial imbalance caused by the breaches, rather than punish the defendants.
",2
223,案件_223,"考量法院判決結果，以及判決理由中多次提及「懲罰性違約金」及法院對其金額的「核減」，此判決屬於**懲罰性編號1**。

雖然法院最終判決的金額96萬元可能低於原告請求的320萬元，並且法院有考量到被告已部分履約，但判決的依據仍然是契約中約定的「懲罰性違約金」，並且法院是基於違約金過高而進行減輕，而非基於實際損害計算損害賠償。  因此，儘管金額經過調整，其本質仍然是懲罰性的。
",1
224,案件_224,"本段文字為法院判決書，描述的是法院根據事實認定被告的罪行與量刑，並非契約內容。因此無法根據提供的分析依據判斷其屬於懲罰性違約金（編號1）還是損害賠償性違約金（編號2）。  

判決書中提到的罰金，是基於法律規定對犯罪行為的懲罰，與契約違約金的性質不同。  選擇最接近的分類，但由於不適用，故無法判斷。
",2
225,案件_225,"根據提供的契約內容，其屬於**懲罰性編號1**。

契約內容描述的是法院刑事判決，判決書中提及對東新營造有限公司科處罰金新台幣壹佰萬元，以及對其他被告科處罰金及有期徒刑。這些罰金和刑期是對違法行為的懲罰，與具體造成的實際財產損失或精神損害並無直接、合理的比例關係。  判決書中雖有提及沒收犯罪所得，但那是追回不法所得，而非針對損害賠償的金額計算。因此，更符合懲罰性違約金的定義。
",1
226,案件_226,"這份判決書內容比較接近**損害賠償性編號2**。

雖然判決書中提及被告應支付原告新台幣壹佰貳拾陸萬陸仟零柒拾肆元，金額看似較高，但法院的判決是基於原告提出的多項請求，包括：

* 根據實作實算的工程款
* 因為情事變更而增加的成本（法院認定適用民法第227條之2）
* 被告溢扣的工程款
* 其他額外工程的款項

法院經過審理，逐一認定哪些請求成立，哪些請求不成立，最終判決的金額是基於這些個別請求的累計，並非單純的懲罰性違約金。  法院也詳細說明了計算金額的依據和過程，並非一個預設的固定數額。  雖然金額較高，但它反映了法院根據事實認定後，原告實際遭受的損失。  因此，更符合損害賠償性的特徵。  被告提出的懲罰性違約金請求，則被法院駁回。
",2
227,案件_227,"根據提供的判決書內容，此判決結果應歸類為**損害賠償性編號2**。

判決書詳細審理了原告主張的損害，包括不當得利、逾期違約金以及因終止契約而需額外支付的工程款。法院逐一分析了這些主張，並根據契約條款、鑑定報告以及相關法律規定，最終判決被告應支付的金額是基於原告實際損失的計算，並非額外懲罰。

雖然判決書中提到了「違約金」，但法院並未直接採用契約中約定的千分之一每日違約金計算方式，而是根據實際的遲延天數以及未完成工程款項進行酌減計算，最終判決金額3,034,216元與實際損失相關聯。  這更符合損害賠償的性質，而非懲罰性違約金的性質。  法院的計算過程也顯示其目的在於補償原告的實際損失，而非對違約方進行額外的懲罰。  反訴部分的判決亦同理。


因此，儘管判決書中出現了「違約金」字眼，但基於法院的審理過程和最終判決金額的計算方式，更符合損害賠償性違約金的定義。
",2
228,案件_228,"根據提供的判決書內容，屬於**損害賠償性編號2**。

判決書中，法院明確指出契約中約定的逾期違約金性質為「損害賠償總額預定性違約金」，並非懲罰性違約金。法院基於民法第252條，考量承攬工程的實際情況（工程目的、已完成工作項目比例、逾期原因等），認為原約定的違約金過高，並將其酌減至69萬8,281元。這個酌減後的金額，旨在補償雲林縣政府因翰樺營造公司逾期完工而實際遭受的損失，而非對違約方進行額外懲罰。  法院的判決過程充分體現了損害賠償的原則，並非單純依契約約定金額判決，而是考量了實際損害情況後進行了調整。  因此，儘管契約中存在預先約定的違約金，但法院的最終判決結果符合損害賠償性的特徵。
",2
229,案件_229,"這份判決書描述的是一場關於履約保證金返還的訴訟，而非單純的違約金賠償。雖然契約中存在「沒收約款」的條款，使得履約保證金部分轉化為違約金的性質，但法院的判決結果是基於**損害賠償性**的考量。

法院審理後，認為契約終止/解除的原因是可歸責於原告，因此被告不需全額返還履約保證金。但法院也考量到原告部分履約的事實（雖然比例極低），判決被告應返還一部分履約保證金。這部分返還的金額與原告實際履約的比例相關，並非單純的懲罰性罰款。

因此，儘管判決書中涉及違約金的概念，但其本質更接近**損害賠償性編號2**。判決中，法院並未認定違約金條款金額過高而予以減免，而是根據原告實際履約程度來決定返還金額，這符合損害賠償的原則，而非單純的懲罰。  選擇**損害賠償性編號2**更為貼切。
",2
230,案件_230,"根據判決書內容，法院認定契約中約定的「總工程款20％之懲罰性違約金」條款屬懲罰性違約金，但法院考量實際情況，將違約金酌減至總工程款的15%，最終判決被告需支付87,785元。

雖然法院最終判決金額遠低於最初約定的懲罰性違約金，但判決書中明確指出契約條款約定的是「懲罰性違約金」，且法院的裁決也基於此條款進行酌減。因此，本案最接近的分類為**懲罰性編號1**。
",1
231,案件_231,"根據提供的判決書內容，被告對原告的「扣分1點」行為，性質更接近**損害賠償性編號2**。

判決書中強調被告的扣分行為是為了建立廠商履約績效資料，作為未來招標評選的參考，這是一種準備行為，而非對原告直接產生法律效果的處罰。扣分本身不涉及罰金或額外經濟損失，其目的並非懲罰原告，而是為了評估其未來投標的資格。雖然扣分可能會間接影響原告未來的中標機會，但這並非直接的損害賠償，而是基於履約績效的評估。  判決書中也明確指出扣分行為不屬於行政處分。

雖然契約中存在扣分機制，但其並未符合懲罰性違約金的條件，例如：金額與實際損失無關，金額遠高於實際損失等。  因此，更接近損害賠償性的分類。
",2
232,案件_232,"根據最高法院的判決書內容，該契約中的逾期罰款約定被認定為**懲罰性違約金（編號1）**。

判決書中明確指出：「6 契約之逾期罰款約定，應屬懲罰性違約金之性質」。  雖然判決書也討論了實際損害的抵銷，但逾期罰款本身的性質被明確界定為懲罰性，而非單純的損害賠償。  法院也針對懲罰性違約金的計算和歸責原則進行了討論，進一步確認其懲罰性的特徵。
",1
233,案件_233,"根據提供的判決書內容，法院最終認定履約保證金的部分性質為**懲罰性編號1**。

判決書中明確指出，契約中存在「沒收約款」和「抵充約款」的約定，使得超過擔保範圍的履約保證金轉變為違約金。法院進一步認定該違約金具有懲罰性，並基於民法第252條對其金額進行了酌減。雖然判決書也提及損害賠償（如重新發包所增加的費用），但這些費用只是用於計算懲罰性違約金的基準，而非違約金本身的性質。  法院最終判決的金額是對懲罰性違約金的酌減，而不是對實際損害的完全賠償。

因此，儘管部分金額用於彌補實際損失，但整體而言，該判決更符合懲罰性違約金的定義。
",1
234,案件_234,"根據提供的判決書內容，屬於**損害賠償性編號2**。

判決書的核心在於計算被告應支付給原告的工程款，扣除因原告違約導致被告被業主罰款的部分。判決書詳細列舉了原告違約的行為，並根據合約條款計算了應扣除的金額。最終判決被告支付的金額 (10萬9319元) 是在扣除原告違約責任後，剩餘的工程款，其金額與原告實際完成的工作量及被告實際損失直接相關。  這符合損害賠償的定義，即補償因違約行為造成的實際損失，而非額外懲罰。  雖然合約中存在「罰款」條款，但法院的判決是根據實際損失進行計算，而非簡單地套用合約中的懲罰性條款。
",2
235,案件_235,"這份判決書內容屬於**損害賠償性編號2**。

雖然判決書中提及許多違約金項目，例如逾期完工違約金、驗收改正逾期違約金、品質缺失扣點、丙等懲罰性違約金等等，但這些金額是根據法院審理後，針對原告提出的損失計算得出的，並非單純的懲罰性違約金。法院最終判決被告需支付的金額（309萬8387元），是基於法院對各項損失的認定，並考量了雙方提出的證據和辯護後，經過權衡得出的結果。  法院也調整了部分原告主張的損失金額，這也顯示法院並非單純照搬契約中的違約金條款，而是基於實際損害進行判斷。  因此，儘管契約中可能包含懲罰性條款的設定，但法院的判決結果更接近損害賠償的性質。
",2
236,案件_236,"根據提供的判決書內容，**30萬元及20萬元應屬於懲罰性編號1**。

判決書中，被告被判處罰金，金額分別為30萬元和20萬元，這並非基於實際損失的計算，而是基於法院對其犯罪行為的懲罰性考量。判決書中也明確說明，被告的行為僅止於未遂，未實際獲得任何利益，因此罰金並非用以賠償實際造成的損失。  雖然判決書中提及芳義公司和星益公司因違反契約被處以懲罰性違約金，但這與法院判處被告的30萬元和20萬元罰金是不同性質的。前者是因違約而產生的賠償，後者是對犯罪行為的懲罰。


因此，即使金額看似與實際損失無直接關聯，但法院基於其犯罪行為的嚴重性，判處罰金以達到懲罰的目的，更符合懲罰性違約金的定義。
",1
237,案件_237,"根據提供的判決書內容，此案件屬於**損害賠償性編號2**。

雖然契約中提及「按超估或逾算款項計罰百分之10之懲罰性違約金」，但法院最終判決並未支持此懲罰性違約金的請求。法院審理後，認定承包商並無溢領工程款，而是因為契約解釋及計價方式的爭議，導致原告（新北市政府水利局）錯誤計算了付款金額。  法院的判決是基於對實際情況的認定，即釐清雙方契約中“實方”與“鬆方”計價的爭議，並非對違約方的額外懲罰。  因此，最終判決結果更接近於損害賠償的性質，旨在返還錯誤支付的款項，而非處罰。  即使契約中存在懲罰性違約金條款，但因法院未採認，故不適用懲罰性違約金的分類。
",2
238,案件_238,"根據提供的判決書內容，此案屬於**損害賠償性編號2**。

判決書的核心爭議在於北邑營造公司是否因彰化縣政府的違約(未及時提供施工用地)而有權解除契約並請求損害賠償。  北邑公司請求的金額4,902,793元是基於其因契約解除而發生的實際損失（履約保證金、已付下游廠商款項、人員聘僱費用等）所組成，法院審理的重點也在於這些損失的真實性與合理性，並非判決書中認定是否有懲罰性違約金存在。  雖然契約中可能存在懲罰性違約金條款(判決書中被上訴人有提到)，但本判決並沒有以此為基礎判決，而是針對北邑公司主張的實際損失進行審查。  法院最終駁回北邑公司的請求，是基於認定彰化縣政府並未違約，而非因為請求的金額過高或具有懲罰性。  因此，更貼近損害賠償的性質。
",2
239,案件_239,"根據提供的判決書內容，案件爭議點在於上訴人（建築師）因設計錯誤造成被上訴人（學校）損失的賠償責任。法院最終判決上訴人需賠償837,315元（因設計錯誤造成之實際工程費用增加），以及該筆費用從催告日起的利息。而被上訴人請求的另外210,641元（律師費、裁判費、證人日旅費）則因與設計錯誤缺乏因果關係而被駁回。


判決中，837,315元的賠償金額直接與上訴人設計錯誤造成的實際損失掛鉤，並非額外罰金，且法院明確指出其依據是系爭契約中關於設計錯誤賠償責任的條款。因此，這部分屬於**損害賠償性編號2**。


雖然契約中提到違約金的計算方式（第14條第9項），但法院認定此條款為懲罰性違約金，且本案最終並未以此條款計算賠償金額，故不影響主要賠償金額的分類。

因此，整體而言，本判決書中涉及的賠償金額更接近**損害賠償性編號2**。
",2
240,案件_240,"根據判決書內容，該合約中的違約金條款屬於**懲罰性編號1**。

判決書中明確指出合約第10條約定：「逾期責任：本工程如乙方(即原告)不依照合約規定期限完工，逾期應按日支付全部工程總價金額千分之一懲罰性違約金，甲方（即被告）得於應負之工程款或履約保證金內扣除之，如有不足，得向乙方及其連帶保證人追價之。」  這符合懲罰性違約金的定義：

* **金額遠超過實際損害的合理比例:**  被告計算的違約金5,325,253元遠高於原告請求的工程尾款1,491,489元。
* **無法直接與實際損失或費用相連結:**  違約金的計算方式是按日計算工程總價的千分之一，與原告實際造成的損失無直接關聯。
* **伴隨強制執行條款:**  合約允許被告從工程款中扣除違約金，甚至追討不足部分。

雖然判決書最終駁回了被告的違約金請求，但這並不能改變合約條款本身的性質。  合約條款的設定目的就是對原告的違約行為進行懲罰，而非僅僅補償被告的實際損失。因此，更符合懲罰性違約金的定義。
",1
241,案件_241,"根據提供的契約內容，這段文字描述的是**懲罰性編號1**。

雖然文中提及了具體金額（例如1萬4880元），並最終對陳福財進行了量刑，但這些金額是基於貪污治罪條例的違法行為而判定的，並非直接源於對受害方實際損失的賠償。  法院判決中對金額的計算，也更偏向於認定違法事實的證據，而非損害賠償的計算。  懲罰性違約金的特性在於其與實際損失的脫鉤性，而本判決中，雖然有提到犯罪所得的沒收，但其本質是國家追回不法所得，而非民事契約中的損害賠償。  整個判決的重點在於對犯罪行為的懲罰和制裁，而非對受害方的經濟損失進行補償。
",1
242,案件_242,"根據提供的判決書內容，這屬於**損害賠償性編號2**。

判決書的核心在於原告得益營造有限公司主張被告國立臺灣科技大學未支付其應得的工程款，以及因被告的原因導致工期延誤而造成的損失（包括逾期違約金的溢收部分）。  原告的請求是基於實際發生的損失，並非要求額外的懲罰性賠償。法院也基於此點，計算了原告因工期延誤而應獲得的展延時間，並據此調整了應支付的違約金，最終判決被告應給付原告特定金額，此金額是基於原告的實際損失計算的，而非額外懲罰。  雖然判決書中提到契約中約定的違約金，但法院並未全盤接受被告的計算方式，而是根據事實重新計算，最終判決金額與原告的實際損失有直接關聯。  被告提出的反駁意見也主要集中在於否認原告的損失計算方式，並非提出額外的懲罰性賠償請求。
",2
243,案件_243,"本判決中，針對工程款項的計算和請求，主要基於**損害賠償性編號2**的原則。

雖然判決中多次提及「減少報酬」和「損害賠償」，但這些金額的計算方式是基於鑑定報告，對工程中實際存在的數量差異、材料瑕疵和施工瑕疵進行評估，並據此計算應減少的報酬金額。這些金額並非預先約定的罰金，而是試圖對實際造成的損失進行補償。  判決中也涉及雙方就追加工程的協商和和解，進一步說明金額與實際損失相符。

雖然鑑定報告中提到「懲罰性違約金」，但法院最終並未採納這些懲罰性賠償，而是基於實際損害計算損害賠償金額。  因此，儘管存在部分懲罰性賠償的計算方法，但整體判決結果更符合損害賠償的性質。
",2
244,案件_244,"根據提供的契約內容，屬於**懲罰性編號1**。

雖然判決書中多次提及民事訴訟中的損害賠償金額，並依據價差、違約金等進行計算，看似符合損害賠償的性質。然而，判決書最終針對刑事沒收部分，採用的計算方式並非僅僅賠償實際損失，而是將已領取的混凝土價金視為犯罪所得，全數或大部分沒收。這部分與實際損失無直接連結，更像是對違約行為的額外懲罰，符合懲罰性違約金的特徵。  民事訴訟中的損害賠償計算，只是法院在認定刑事犯罪所得時參考的依據之一，而非決定性因素。  最終的沒收金額遠高於民事賠償金額，更強化了其懲罰性的性質。
",1
245,案件_245,"根據提供的法院判決書內容，其涉及的是**懲罰性編號1**。

判決書中，被告以爐碴替代天然石材作為混凝土原料，並未如實告知業主，構成詐欺罪。雖然判決書中提及部分金額是基於實際損害計算的賠償（例如業主要求返還款項），但同時也包含了明顯超過實際損失的「懲罰性違約金」（例如三倍違約金），並且法院最終判決沒收金額也包含了遠超過爐碴與天然石材價差的部分。  這些額外罰金及沒收金額並非完全與實際損失掛鉤，而是對違約行為的額外懲罰，符合懲罰性違約金的定義。  因此，整體而言，更接近懲罰性違約金的分類。
",1
246,案件_246,"此判決結果屬於**損害賠償性編號2**。

雖然判決中涉及金額（新台幣四萬元）以及利息，但這是基於原告實際工作未獲得支付的薪資所做出的判決。法院審理的過程也著重於釐清勞動契約與承攬契約的性質，並以此判斷原告應得的報酬。判決金額與原告實際未領取的薪資相符，而非額外的罰金或懲罰。  法院並未裁定任何懲罰性的違約金。  因此，判決的目的是補償原告的實際損失，符合損害賠償性的定義。
",2
247,案件_247,"此判決書內容涉及的是**損害賠償性編號2**。

雖然判決書中多次提及「懲罰」和「沒收履約保證金」，但最終法院對履約保證金的判決是**酌減至合理數額**，並將超過合理數額的部分判決返還給上訴人。  法院的計算依據是基於被上訴人因契約終止後所發生的實際損失（包含後續發包工程費用、瑕疵修繕費用、工地維護費用等），並考量上訴人已完成工程的比例進行調整。這符合損害賠償的原則，而非單純的懲罰。  雖然契約中約定了懲罰性違約金條款，但法院並未完全採納，而是根據實際情況進行了裁量。
",2
248,案件_248,"根據判決書內容，此判決屬於**損害賠償性編號2**。

雖然判決書中提及「懲罰性違約金」，但法院並未以此為判決基礎。法院審酌的是原告因被告違約而實際發生的損失，包括：

1. **業主扣罰的逾期違約金 (51萬2,677元):**  這是原告因被告違約而直接遭受的損失，法院採納了這個實際損失金額。判決書明確指出，業主扣罰的金額低於契約約定的懲罰性違約金計算金額，法院僅判決賠償實際損失部分。

2. **原告代為雇工施作的費用 (324萬626元):** 這是原告因被告違約而不得不額外支出才能完成工程的費用，屬於直接的損害。法院也採納了這個實際損失金額。

3. **預付款溢領 (166萬1,462元):** 這部分是基於民法第179條不當得利返還，屬於因被告違約而導致的損失。

法院的判決金額 (541萬4,765元) 是以上述三項實際損失的加總，並非單純的懲罰性違約金。  雖然契約中存在懲罰性違約金條款，但法院的判決結果並未以此條款為主要依據，而是以實際損失為賠償基礎。因此，更接近損害賠償性的分類。
",2
249,案件_249,"根據判決書內容，判決結果包含了**懲罰性違約金**和**損害賠償性質的款項**。

* **懲罰性違約金:**  判決書中，法院認原告得依系爭工程契約第6條(逾期罰款)及第19條(懲罰性違約金)請求被告支付違約金862,500元。這部分明確是超過實際損失的懲罰性違約金，因為計算方式是基於契約約定比例而非實際損失計算。

* **損害賠償性質的款項:** 判決書中，法院也認定原告可以依據不當得利請求被告返還溢領的工程款1,005,253元。這部分是基於被告實際溢領款項的損害賠償，其金額與實際損失有直接關係。


因此，判決書內容同時包含了懲罰性(編號1)和損害賠償性(編號2)兩種性質的賠償。  若只能選擇一個最接近的分類，則應選擇**懲罰性編號1**，因為判決書中包含了顯著的懲罰性違約金，而損害賠償部分只是判決的一部分。
",1
250,案件_250,"根據提供的判決書內容，契約中第17條第1項約定的違約金性質被法院認定為**懲罰性違約金 (編號1)**。

判決書中明確指出：「系爭契約第17條第1 項所約定違約金之性質為懲罰性違約金。」  法院並未根據實際損害來計算違約金，而是基於契約條款的固定計算方式(總金額千分之五乘以天數)。  最終法院也未支持以該違約金進行抵銷。這都符合懲罰性違約金的定義。
",0
251,案件_251,"根據提供的法院判決書內容，其中關於逾期違約金的部分屬於**懲罰性編號1**。

判決書中明確指出，系爭契約約定逾期違約金的計算方式，並未將其與實際損失直接掛鉤，而是以每日按工程總價千分之一計算，上限為工程總價的10%。這符合懲罰性違約金的定義，旨在懲罰違約方，而非僅僅補償實際損失。  即使法院最終判決的違約金金額因各種因素調整，其根本性質仍屬懲罰性違約金。  其他部分，例如工程款、偏位工程款等，則屬於損害賠償性的性質，但判決書中關於逾期違約金的部分，顯然是為了懲罰違約行為而設定的。
",1
252,案件_252,"根據提供的法院判決書內容，判決結果涉及的金額計算與分配，更偏向**損害賠償性編號2**。

雖然判決書中提及「逾期違約金」，但法院最終的判決並非直接採用契約中約定的違約金比例來懲罰鼎台營造，而是基於對雙方爭議事實的審理，計算並扣除相關款項後，確定鼎台營造可以獲得的工程款金額以及中鼎工程應支付的款項。  此過程包含了對工程款項的細緻計算、工程延誤時間的分析（並非簡單的按比例計算違約金），以及對因混凝土品質問題造成的損失進行審核。這些都符合損害賠償的特性，旨在彌補實際損失，而非單純處罰違約方。  法院最終判決的金額也並非遠超實際損失的範圍。

因此，儘管契約中存在懲罰性條款（逾期違約金），但法院的判決結果更符合損害賠償的認定標準。
",2
253,案件_253,"本判決內容屬於**損害賠償性編號2**。

雖然判決書中提到了契約約定的違約金（按日扣罰千分之0.5，上限為總工程款的5%），但法院最終判決的金額是基於對實際完成工程價值的計算，並扣除了未完成部分的工程款、以及經法院審酌後的違約金。法院並未直接採用契約中約定的懲罰性違約金的全部金額，而是根據實際情況進行了調整和扣除。  

法院的判決過程仔細審查了雙方提出的證據，並逐項計算了應扣除的金額，最終判決金額614萬8,436元，與實際完成工程及未完成部分的工程款項有直接關聯，而非單純的懲罰。  因此，更接近損害賠償性的性質。
",2
254,案件_254,"這段文字是**臺灣高等法院**對**臺灣臺北地方法院**一審判決的上訴判決書，內容描述的是一連串誣告案件的審理過程及結果。判決書本身並非契約，不適用懲罰性違約金或損害賠償的分類標準。  

判決書中提到的「1,000萬元之懲罰性違約金」是出現在**一審判決書**中被上訴人與自訴人間的和解協議書條款內，和解協議書才可能是契約。但上訴判決書的重點並不在評估該和解協議書中違約金條款的性質，而是判斷上訴人（被告）是否犯下誣告罪。因此，無法將其歸類為懲罰性編號1或損害賠償性編號2。
",2
255,案件_255,"根據提供的判決書內容，此判決涉及的違約金部分，**最接近懲罰性違約金(編號1)**。

雖然判決書中多次提及「損害賠償」，並最終判決勝堡村公司獲得部分賠償金，但關鍵在於判決書明確指出系爭備忘錄中約定1億2450萬元總金額的10% (1245萬元) 或100萬元擇其高者作為「懲罰性賠償」。  法院最終將此懲罰性賠償金額酌減至124萬5000元，但其本質仍是基於懲罰性條款，而非僅僅基於實際損害計算。  法院考量了許多因素來酌減金額，但這並不改變其懲罰性違約金的性質。

雖然判決也考量了實際損害（重新發包的價差），並判決勝堡村公司獲得相應賠償，但這部分與懲罰性違約金是兩個獨立的請求項目。懲罰性違約金的計算與實際損害的多少關聯性較弱，其金額主要基於契約中約定的懲罰性條款。

因此，儘管判決考慮了實際損害，但契約中約定的懲罰性違約金的性質以及法院的最終處理方式，更符合**懲罰性違約金(編號1)**的定義。
",1
256,案件_256,"根據提供的法院裁定書內容，案件涉及的是工程款給付及支票返還的爭議，其中提到「懲罰性違約金」，但並未詳細說明該違約金的計算方式及與實際損失的關係。裁定書主要在處理訴訟費用繳納問題，而非針對違約金性質的判斷。

然而，裁定書中提及上訴人主張「懲罰性違約金」，這暗示契約中可能存在懲罰性違約金條款。由於缺乏契約原文，無法明確判斷該違約金的具體金額和計算方式是否符合懲罰性違約金的定義。

基於以上分析，以及「懲罰性編號1」和「損害賠償性編號2」的判斷標準，選擇**懲罰性編號1**更為接近。雖然裁定書並未詳細說明違約金的性質，但「懲罰性違約金」的出現暗示了其可能性，而其他資訊不足以支持其屬於損害賠償性違約金。  選擇懲罰性編號1是基於裁定書中明確提到的「懲罰性違約金」字眼，儘管其細節並未闡述。
",2
257,案件_257,"根據提供的判決書內容，這屬於**損害賠償性編號2**。

雖然判決書中提及契約約定違約金100萬元，但法院最終僅判決被告需支付20萬元違約金。法院的裁決說明了這20萬元是基於被告的違約行為所造成的實際損失（包括原告的支出及損失），而非單純的懲罰。法院也明確指出，根據民法第250條，違約金視為因不履行而生損害之賠償總額，並考量了原告的實際損失、被告的違約情節以及社會經濟狀況等因素，將違約金酌減至20萬元。  這符合損害賠償性違約金的定義，而非懲罰性違約金。  法院並未單獨判決額外的罰款，而是將違約金視作對實際損害的賠償。
",2
258,案件_258,"根據提供的判決書內容，判決結果屬於**損害賠償性編號2**。

判決書中，法院審理了兩造就工程瑕疵、跳電事故、工程延誤等問題的爭議，並根據契約條款（尤其是關於違約金的條款）以及民法相關規定，判決靚德公司需支付繼開公司新台幣柒拾貳萬陸仟伍佰參拾貳元及其利息。  這個金額是基於法院對雙方責任的認定和實際損失的計算，並非單純的懲罰性罰款。  雖然契約中包含逾期完工罰款條款，但法院最終判決的金額並未完全採用該條款計算出的數額，而是經過了權衡和扣除不符合事實的請求後得出的結果。  法院的判決過程詳細考量了各項損失的因果關係及責任歸屬，並最終給出了合理的賠償金額。  這符合損害賠償性的特徵，而非懲罰性的特徵。  即使部分金額計算參考了契約中的違約金條款，但法院並未將其認定為懲罰性違約金，而是作為損害賠償計算的參考依據之一。  最終的判決金額與實際損失（包含工程延誤造成的損失、瑕疵修補費用等）具有較高相關性。
",2
259,案件_259,"**懲罰性編號1**

雖然判決結果僅判賠44萬元，遠低於原告請求的金額（436萬4,454元），並且法院也明確指出契約中約定之懲罰性違約金過高而予以酌減。但契約本身約定了「相當於12個月之工資報酬作為懲罰性違約金」，且法院也認定了該條款的性質為懲罰性違約金。這符合懲罰性違約金的定義，即與實際損害脫鉤，以懲罰違約行為為目的。  即使法院最終酌減了金額，但契約約定的本質仍然是懲罰性的。
",1
260,案件_260,"This is **損害賠償性編號2**.

The court case centers around a dispute over payment for completed construction work. The plaintiff (appellant) claims the defendant (respondent) underpaid for the work and improperly deducted late fees.  The court's decision awards a specific sum of money (NT$200,970) representing the difference between what was paid and what the court deemed was rightfully owed.  This amount is directly tied to the alleged underpayment and is not a penalty for breach of contract in and of itself.  While the contract mentions late fees, the court's decision focuses on rectifying the underpayment, not punishing the respondent for late completion.  The amount awarded is also unlikely to exceed 30% of the total damages claimed, making it consistent with compensatory damages.  The court's detailed analysis of individual line items reinforces this assessment.  The court also addresses the late fees claim, reducing them based on the finding of excused delays, further supporting a compensatory rather than punitive interpretation.
",2
261,案件_261,"根據提供的判決書內容，主要爭議點在於上訴人(旭誼工程)是否需要支付被上訴人(高群工程)追加工程款項，以及上訴人提出的多項抵銷抗辯是否成立。判決書中，法院審理了上訴人提出的多項抵銷抗辯，包括：取得建材證明支出費用、取得使用執照增加支出費用、業主聯毅公司扣款，以及懲罰性違約金。

法院針對上訴人提出的**懲罰性違約金95萬8000元**的請求，最終認為跑照工程合約中約定的違約金計算方式雖然存在，但由於未能證明被上訴人有可歸責的違約行為(取得使用執照的期限僅為預估進度，而非確定期限)，因此駁回了上訴人的此項請求。這符合**損害賠償性編號2**的特性，因為法院並未認可這筆金額是對違約方的懲罰，而是基於違約責任的存在，並考量實際情況後做出的駁回。  即使契約中存在懲罰性條款，但由於違約事實未成立，因此該條款也無效力。

其他抵銷抗辯請求，法院也逐一審查其是否符合損害賠償的條件，並非單純的懲罰。因此，儘管契約中提及「懲罰性違約金」，但最終法院的判決結果並未支持此懲罰性賠償請求，且其審理過程符合損害賠償的判斷標準。


因此，整體而言，最接近的分類為：**損害賠償性編號2**。  雖然契約中出現「懲罰性違約金」字眼，但最終判決並未支持該請求，而是依據實際損失及違約責任來判斷。
",2
262,案件_262,"根據提供的法院判決書內容，此違約金性質屬於**懲罰性編號1**。

判決書中明確指出，系爭契約約定之逾期罰款計算方式為「按逾期日數乘以契約價金總額千分之5，累計達契約價金總額百分之20為上限，且不計入賠償責任上限金額」。這符合懲罰性違約金的幾個特點：

* **金額與實際損失無直接關聯：** 罰款金額是根據逾期天數和契約總價計算，而非根據被上訴人實際遭受的損失計算。判決書也指出其性質為「懲罰性違約金」。
* **金額可能遠高於實際損失：**  雖然法院最終判決金額為195萬元，但契約條款允許的最高罰款金額為520萬元，遠超過可能造成的實際損失。
* **旨在懲罰違約方：** 判決書中明確說明，此違約金的目的是懲罰上訴人未按時進場及完工的行為。


雖然判決書最後裁決的金額(195萬元)相對較低，但這並不能改變契約條款中違約金設定的懲罰性本質。  法院的裁決是基於對契約條款的解釋和對事實的判斷，對違約金金額進行了減輕，但這並不改變違約金本身的懲罰性特徵。
",1
263,案件_263,"根據提供的判決書內容，最接近的分類是**懲罰性編號1**。

判決書中，被上訴人（舜捷實業）主張上訴人（洋一股份有限公司）因施工瑕疵造成損失，並要求賠償1,197萬1,446元（改善費用）以及272萬8,530元和208萬7,325元（兩項工程的逾期違約金）。  法院最終判決上訴人應支付700萬元。

雖然判決書中提及了實際損失（瑕疵修補費用），但逾期違約金的計算方式是根據契約約定，每日罰款金額為合約總金額的千分之三，最高不超過合約金額的百分之二十。這種計算方式與實際損失的關聯性較弱，更偏向對違約行為的懲罰。  最終判決金額雖然低於被上訴人最初要求的總金額，但仍然與實際損失的合理比例（例如30%）相差甚遠。  因此，更符合懲罰性違約金的定義。  即使部分金額可能與實際損失有關聯，但整體考量下，懲罰性成分更為顯著。
",1
264,案件_264,"根據提供的判決書內容，此案屬於**損害賠償性編號2**。

判決書中，法官詳細審理了履約保證金的性質，認定其為擔保契約，目的是擔保契約的履行。  被告終止合約後，扣留的履約保證金，並非作為懲罰，而是用以彌補因原告違約而造成的實際損失。判決書明確指出，被告已獲得足夠的賠償（透過抵銷等方式），因此應返還履約保證金餘額給原告。  雖然契約中提及「不發還履約保證金」的條款，但法院並沒有認定該條款具有懲罰性，而是基於實際損失進行解釋。法院的判決結果也支持了這一點，判決被告返還履約保證金，金額為6,262萬5,000元，而非一個遠超過實際損失的懲罰性金額。

因此，儘管契約條款中有可能被理解為懲罰性的字眼，但根據法院的最終判決，其本質更符合損害賠償的性質。
",2
265,案件_265,"根據提供的判決書內容，最接近**損害賠償性編號2**。

雖然判決書中提到了契約中關於逾期罰款的條款（系爭合約書第28條），並計算了違約金金額。但法院最終的判決並未將此違約金作為判決依據，而是基於工程是否實際完成、驗收合格等事實，來判斷原告是否可以獲得工程款。法院主要審查的是原告是否已完成約定工程範圍內的施工，並以此作為給付工程款的依據，並未額外判決任何懲罰性賠償。  

雖然契約中存在懲罰性違約金條款，但法院的判決是基於實際損害賠償的原則來進行判斷，因此更接近損害賠償性。  最終判決駁回原告請求，也是因為法院認為原告未能證明其已完成應得工程款相對應的工程，而非單純因為懲罰性違約金的緣故。
",2
266,案件_266,"根據提供的判決書內容，契約中「每逾一日，賣方應按買方已付價款萬分之5計算違約金」的條款，**最接近懲罰性違約金（編號1）**。

雖然判決書最後駁回了原告請求返還價金及違約金的訴請，並指出原告解除契約並不合法，但契約條款本身的設計更符合懲罰性違約金的特徵：

* **金額與實際損害無明確連結:**  萬分之五的每日違約金計算方式，與實際造成的損害（例如因延遲交屋造成的損失）並無直接關聯。  即使違約方只延遲一天，也必須支付違約金，且金額累積可能遠超實際損失。
* **超過合理比例:**  判決書中未提及實際損害金額，但萬分之五的每日違約金累計起來很容易超過30%甚至更多，明顯具有懲罰性質。
* **預設固定計算方式:**  違約金計算方式為預設的固定比例，而非基於實際損失的評估。

雖然判決書中法官分析了雙方爭議，並認為原告解除契約並不合法，但這並未改變契約條款本身性質的判斷。  條款設計的本意更偏向懲罰違約方，而非單純補償實際損失。因此，選擇**懲罰性編號1**更為貼切。
",1
267,案件_267,"根據提供的判決書內容，大部分的違約金計算方式都與實際損害有一定程度的關聯，例如：

* **與實際損害掛鉤的違約金計算:**  許多違約金的計算是基於承包商（中興公司）的違約行為，而原告（林同棪公司）則因為管理疏失或未盡監督之責而被連帶處罰。判決書中詳細列出了違約情節，並根據契約條款中的比例或公式計算違約金。例如，被告向設計廠商求償金額之百分之20。這些計算方式並非完全是懲罰性的，而是基於實際損害或預防未來損害的考量。

* **部分金額的合理性爭議:**  雖然判決書中認定部分違約金合理，但原告也對一些違約金的計算方式和金額提出異議，法院也針對這些異議進行了審理，並調整了部分金額。這也顯示，違約金的設定並非純粹的懲罰，而是經過法院的審查，力求與實際損失相符。

然而，契約中也存在一些條款，例如對逾期送交文件的每日罰款，性質比較接近懲罰性違約金，因為與實際造成的損失並無直接且明確的比例關係。

考慮到整體情況，以及法院最終判決的金額，**最接近的分類是損害賠償性編號2**。雖然存在部分懲罰性違約金的成分，但主要的違約金計算仍然與實際損害或預防損害有一定的連結，且法院也根據實際情況調整了部分金額。  選擇編號1會曲解判決書中，法院對於違約金計算的審慎考量。
",2
268,案件_268,"這段文字是法院判決書，描述的是一連串的仲裁與訴訟過程，並非單純的契約內容。判決書中涉及的金額，例如1億2,587萬2,095元，是基於仲裁庭的判決，並經過法院審理後，認定部分仲裁結果違法而廢棄的部分金額。  因此，無法單純以「懲罰性編號1」或「損害賠償性編號2」來分類。


然而，若要強行歸類，更接近**損害賠償性編號2**。 因為判決書最終目的是釐清雙方在工程款項上的實際損失與應負責任，並非單純對違約方進行額外懲罰。  雖然過程中涉及「違約金」的概念，但法院的審理是基於實際損失與法律依據，而不是對違約行為的額外懲罰。  法院最終判決廢棄的部分金額，是基於仲裁程序違法，而非單純的懲罰性賠償。
",2
269,案件_269,"根據提供的契約內容及判決書，本案屬於**損害賠償性編號2**。

雖然判決書中提及「按日扣罰總價千分之1（即1萬6800元）計算之懲罰性違約金」，但法院最後並未以此金額判決，而是基於實際損害(逾期完工造成之損失、環境監測費用、環保局罰鍰、缺失改善費用等)，並考量契約條款及相關證據後，酌減違約金金額至總價7%，並將其他損害賠償金額合併計算，最終判決反訴被告應給付反訴原告新臺幣貳佰捌拾柒萬陸仟肆佰柒拾元。

法院的判決更傾向於計算和賠償實際發生的損失，而非單純對違約方進行懲罰。  因此，儘管契約中存在懲罰性違約金條款，但最終判決結果更符合損害賠償性的定義。  法院對懲罰性違約金的處理方式是酌減至合理範圍，並非直接採用契約中約定的懲罰性條款。
",2
270,案件_270,"依據提供的判決書內容，屬於**懲罰性編號1**。

雖然判決結果是基於契約第25條約定的違約金，但法院最後裁定金額考量了被告的抗辯（抵銷部分），並認定契約約定的違約金金額並未過高，沒有依民法第252條規定減至相當數額。  這表示契約中約定的違約金，其性質更接近於懲罰性，而非完全基於實際損害計算的損害賠償性違約金。 判決中也明確提到「懲罰性違約金」，而非一般損害賠償。  儘管經過抵銷後金額降低，但其本質仍然是契約中約定的懲罰性違約金。
",1
271,案件_271,"根據提供的判決書內容，法院認定系爭違約金約款性質屬**懲罰性違約金 (編號1)**。

雖然法院最後酌減了違約金金額，但其出發點是認為原約定金額過高，而非認定該違約金本質上是損害賠償性的。  判決書中明確指出系爭違約金約款「性質屬懲罰性違約金」，且法院也依民法第252條針對過高的懲罰性違約金進行了酌減。  因此，儘管金額經過調整，其根本屬性仍屬於懲罰性違約金。
",0
272,案件_272,"根據提供的法院判決書內容，本案屬於**懲罰性編號1**。

判決書中，重點在於爭議17,395,000元的違約金性質。雖然契約中提及「損害賠償額預定性逾期違約金」，但法院最終認定該違約金的性質是**懲罰性**的，目的是為了督促施工進度，而非真正為了補償因逾期造成的實際損失。  法院明確指出，即使總工程未逾期，該違約金仍需支付，且計算方式是基於每日逾期金額累計，而非與實際損失掛鉤。  這符合懲罰性違約金的定義：與實際損失無直接關聯，金額是預先設定的，並帶有強制執行的性質。  雖然上訴人試圖以契約中某些條款主張違約金應屬損害賠償性，但法院依據前案判決及契約條款的整體解釋，駁回了上訴人的主張。


因此，儘管契約中使用了「損害賠償」等字眼，但從法院最終判決結果來看，更符合懲罰性違約金的認定標準。
",1
273,案件_273,"本判決內容涉及「逾期懲罰性違約金2100萬元」，但最終判決駁回原告請求。雖然契約中提及懲罰性違約金，但判決結果並未支持其存在。因此，更接近**損害賠償性編號2**。  判決主要圍繞在工程款項的給付與否，以及契約解除的合法性，這些都屬於損害賠償的範疇。雖然原告請求懲罰性違約金，但這並非判決的重點，且最終也未被法院採納。
",2
274,案件_274,"根據提供的判決書內容，此判決屬於**損害賠償性編號2**。

判決書的核心在於計算原告(譽霖工程有限公司)應得的工程款項，並扣除被告(嘉義縣政府)認為合理的違約金與扣款。  雖然判決書中出現了「違約金」的字眼，例如「逾期罰款」、「減價收受違約金」、「品管懲罰性違約金」，但這些金額的計算依據皆基於契約條款，並嘗試根據實際的工程進度延遲、工程缺失等情況進行計算。  法院也仔細審查了雙方提出的證據和論點，並參考鑑定報告來確定合理的工程款和扣款金額。  最終判決的金額16,513,535元並非一個預先設定的固定懲罰金額，而是經過一系列的計算和考量後得出的結果，更接近實際損失的賠償。  法院的判決過程並非單純地對違約方進行懲罰，而是力圖在雙方權利義務之間取得平衡。  因此，更符合損害賠償性的定義。
",2
275,案件_275,"根據提供的判決書內容，案件涉及的是**損害賠償性編號2**。

雖然判決書中提及被告依契約規定處以原告減價金額600%的違約金，但法院最終將違約金酌減至減價金額的100%，也就是135萬6,461元。  法院的酌減行為顯示，原本約定的600%違約金被認為是過高的懲罰性違約金，而法院最終判決的金額是基於實際損害進行計算的，更接近於損害賠償的性質，而非純粹的懲罰。  判決書中，法院主要審理的是原告實際施作工程款與被告給付金額的差額，以及因工程延誤而產生的相關費用。  這些都屬於損害賠償的範疇。  雖然契約中存在懲罰性違約金條款，但法院並未支持其全部金額，而是依據實際情況進行了大幅度減免，最終判決結果更符合損害賠償的定義。
",2
276,案件_276,"根據提供的法院判決書內容，這屬於**損害賠償性編號2**。

判決書主要圍繞著原告要求被告返還溢付的工程款和支付因被告違約導致的實際損失（包括增加的施工成本、瑕疵修繕費用等）。  判決書中詳細計算了被告已完成工作的價值，並以此為基礎計算溢付金額，這符合損害賠償性的特點。雖然契約中提及「懲罰性違約金」，但法院並沒有以此為基礎判決，而是根據實際損失進行計算，最終判決金額也並非遠超實際損失的合理比例。  法院的判決是基於實際損失和不當得利進行的計算，而非對違約方進行額外的懲罰。
",2
277,案件_277,"根據提供的判決書內容，屬於**懲罰性編號1**。

判決書中明確提及「懲罰性違約金8,000元」，且判決書的論述也指出，桃園市政府以不當理由終止契約，並扣除該筆款項，法院最後判決桃園市政府應返還此筆款項，顯示該8,000元並非基於實際損失的賠償，而是對違約行為的額外懲罰。  雖然也涉及逾期違約金82萬8000元，但判決書的重點在於釐清電錶箱工程是否屬於合約範圍，最終法院認定桃園市政府終止合約不合法，因此判決返還逾期違約金，這部分較接近損害賠償的性質，但因「懲罰性違約金」的存在，整體案件性質更接近懲罰性違約金。  因此，綜合考量，選擇懲罰性編號1更為貼切。
",1
278,案件_278,"根據提供的臺灣高等法院民事判決書內容，案件的核心爭議在於勁強營造有限公司與士傑水電工程有限公司之間的承攬契約糾紛，涉及工程款支付、契約終止以及違約責任等問題。判決書中提及勁強公司反訴請求士傑公司支付「懲罰性違約金722萬9250元」，以及「另行發包費用1269萬399元」。

雖然判決書最終駁回了勁強公司關於懲罰性違約金和另行發包費用的請求，但其請求本身的性質屬於**懲罰性編號1**。  因為這些金額並非基於士傑公司實際造成的損害，而是作為對其違約行為的額外懲罰。  判決書中詳細分析了雙方爭議，並最終以損害賠償的計算方式判定工程款項，更突顯了勁強公司最初請求的懲罰性性質。


因此，選擇**懲罰性編號1**。
",1
279,案件_279,"這份判決書描述的是**損害賠償性編號2**。

判決書的核心在於計算宗道工程有限公司(上訴人)已完成工程的款項，並考量泰創工程股份有限公司(被上訴人)因宗道工程有限公司未完成部分工程而產生的額外支出。  法院最終判決泰創公司需支付宗道公司484萬5289元，這是基於宗道公司已完成工程的價值，並扣除了泰創公司因宗道公司違約而產生的合理損失（包括其他廠商的費用和工地扣款）。  雖然判決書中提到契約中關於逾期違約金的條款，但法院並未直接採用該條款中約定的懲罰性違約金，而是依據實際損失情況進行了酌減，最終判決的金額是基於對實際損失的計算，而非額外懲罰。  這符合損害賠償性的定義。
",2
280,案件_280,"根據提供的法院判決書內容，**最接近損害賠償性(編號2)**。

雖然判決書中多次提及「違約金」以及計算方式，但這些違約金的計算方式和金額，是根據契約條款，並與實際發生的損失（逾期、材料瑕疵、監造費用等）相連結，而非單純的懲罰性罰款。法院最後判決的金額585,221元，也並非一個預設的固定數額，而是經過法院審理，根據實際情況，對各項損失進行計算後得出的結果。  法院也針對違約金的性質和計算進行了詳細的論述，並考量了民法相關條款，最終認定這些費用屬於損害賠償性質，而非純粹的懲罰。  雖然部分違約金有懲罰性質的成分(例如減價收受違約金)，但整體而言，法院的判決是基於損害賠償的原則，而非單純懲罰。


因此，儘管部分違約金的計算方式看起來像是懲罰性，但整體考量下來，更符合損害賠償性的定義。
",0
281,案件_281,"根據提供的判決書內容，以及懲罰性違約金與損害賠償性違約金的區分標準，此案例最接近**懲罰性編號1**。

判決書中，法院認定被上訴人（新北市政府環保局）沒收的履約保證金548萬2,929元中，有部分屬於懲罰性違約金。法院最後將此部分酌減至150萬元，並判決被上訴人應返還剩餘部分（398萬2,929元）。  這個酌減的動作，正是因為法院認為原先的沒收金額遠超過實際損害，具有懲罰性質。  雖然判決書中也提到計算損害賠償金額的過程，但最終法院的判決結果顯示，保證金的沒收性質並非完全基於實際損害的補償，而是包含了對違約方的懲罰成分。  因此，整體來看，更接近懲罰性違約金的分類。
",1
282,案件_282,"根據提供的判決書內容，案件的賠償金額是**損害賠償性編號2**。

雖然判決書中提及契約附錄2中「10％懲罰性違約金」的條款，但法官最終並未採納此條款，而是根據原告實際遭受的損害（結構用混凝土費用、拆除費用及相關費用）計算賠償金額。  134萬6429元這個數字是基於實際損失計算的，並非額外罰金，且法院也詳細說明了損害賠償金額的計算過程，與實際損失相符。  因此，更符合損害賠償性的定義。
",2
283,案件_283,"根據提供的契約內容以及懲罰性違約金與損害賠償性違約金的區分標準，本案**最接近懲罰性違約金（編號1）**。

雖然判決書中詳細計算了雙方因工程瑕疵和逾期而產生的損失，並進行了抵銷，但契約中約定的違約金計算方式：「每日依契約價金總額1‰計算逾期違約金（最高不超過工程總價百分之20）」本身就具有懲罰性的特徵。  此計算方式與實際損失並無直接、合理的比例關係，超過實際損失的可能性很高，符合懲罰性違約金的定義。  判決書中雖然法院最後根據契約約定計算了違約金，並考量到上限，但這並不改變契約中違約金條款本身懲罰性的性質。  法院的裁量只是在懲罰性違約金的框架下進行的金額調整。
",1
284,案件_284,"這份文件是法院判決書，而非契約內容。判決書中涉及的金額計算是基於雙方在先前契約中約定的權利義務以及後續發生的違約行為所產生的損失賠償與抵銷，並非單純的懲罰性違約金。儘管判決書提及「逾期罰款」並認定其性質為懲罰性違約金，但法院最終判決的結果並非僅憑懲罰性違約金來決定，而是基於雙方實際損失與債權債務關係的整體考量。因此，儘管其中包含懲罰性違約金的元素，但整體而言更接近**損害賠償性編號2**。  法院主要依據實際損失和債權債務關係來計算最終的給付金額，並非單純地對違約方進行懲罰。
",2
285,案件_285,"根據提供的判決書內容，這屬於**損害賠償性編號2**。

判決書主要圍繞著工程款的給付和因違約造成的損失賠償。法院審理了雙方關於契約終止的理由、工程款結算、損害賠償等問題，並根據證據和契約條款最終判決被上訴人(新北市淡水區公所)需支付上訴人(松肯營造工程有限公司)新台幣296萬8025元以及利息。  這個金額是基於法院對雙方爭議事實和契約約定的審理後，所認定上訴人應得的工程款以及被上訴人應負擔的損失賠償(例如：材料鑑定費)，並考量了違約金的上限，而非單純的懲罰。  雖然契約中提及懲罰性違約金，但法院並未完全採納，而是根據實際情況進行了裁量，最終判決金額與實際損失較為接近。


因此，儘管契約中存在懲罰性違約金條款，但判決結果更傾向於損害賠償的性質。
",2
286,案件_286,"根據提供的判決書內容，此判決結果屬於**損害賠償性編號2**。

判決書詳細審理了原告主張的各項款項，並依據契約條款、民法相關規定（例如民法第490條、505條關於承攬契約的規定，民法第179條關於不當得利的規定），以及鑑定報告結果，逐一判斷原告請求的合理性及金額。判決中，法院考量了工程進度、實際完成工作量、保固保留款的清償期限、追加工程款項的合理性等等因素，最終判決被告應給付原告新臺幣伍佰伍拾壹萬玖仟壹佰陸拾伍元。這個金額是基於原告實際完成工作、以及被告應負擔的責任（包含追加工程、瑕疵修復等）計算得來，並非額外的懲罰。雖然判決書中提及契約中的違約金條款，但法院並未以此計算判決金額，而是基於實際損害和公平原則作判斷。因此，判決金額與實際損失具有連結性，符合損害賠償性的特徵。
",2
287,案件_287,"本判決書內容描述的是一場關於履約保證金返還的民事訴訟。法院判決駁回原告（大譽環境科技股份有限公司）的請求。判決的基礎是原告違約，延誤履約期限情節重大，因此被告（臺南市政府水利局）依契約規定終止契約，並無需返還履約保證金及支付其他費用。

雖然契約中提及違約金（原告因逾期繳交基本設計和細部設計而支付的違約金），但這些違約金是根據契約約定，與原告實際造成的損害相連結（逾期），而非額外懲罰。法院也考量了被告因重新招標而產生的損失。

因此，儘管判決中涉及違約金，但其性質更接近**損害賠償性編號2**，因為其目的是補償因違約行為造成的實際損失或費用，而非對違約方進行額外懲罰。  即使違約金計算方式包含一定比例的計算，但法院最後還是基於實際情況進行了判斷。  整體來說，判決的重點在於確定原告的違約行為，以及根據契約條款判斷被告無需返還保證金。
",2
288,案件_288,"根據提供的判決書內容，屬於**損害賠償性編號2**。

判決書中，法院詳細審理了原告鉅錄營造有限公司與被告新北市政府水利局之間的工程款糾紛，並逐項計算了工程款、停工期間管理費等費用，最終判決被告應支付原告385萬1,107元。  法院的計算過程是基於實際發生的工程狀況、雙方簽訂的契約內容以及相關證據進行的，並考慮了雙方提出的各種主張與抗辯。  雖然判決書中提及被告主張的違約金，但法院最終並沒有將其納入判決結果，而是根據實際損失進行了抵銷。這顯示法院的判決是基於補償實際損失的原則，而非對違約方進行額外懲罰。  因此，更符合損害賠償性的定義。
",2
289,案件_289,"根據提供的判決書內容，此判決屬於**損害賠償性編號2**。

判決書中，法院審理了原告請求給付工程款的訴訟，並考量了被告提出的逾期違約金和因原告施工瑕疵造成的損害賠償。法院最終判決被告應給付原告一部分工程款，此金額是從原告最初請求的金額中扣除被告主張的逾期違約金和損害賠償後所得的餘額。  這表示法院並未單純地對被告處以罰款，而是基於實際損失和契約條款進行了損害賠償的計算。雖然部分違約金計算方式看似較高，但法院已針對其合理性進行了審查，並扣除部分不合理的部分。因此，整體而言，此判決更接近損害賠償的性質，而非懲罰性違約金。
",2
290,案件_290,"根據提供的判決書內容，系爭履約保證金的性質被認定為**信託讓與擔保型且無須經清算程序**。  判決書中明確指出，因可歸責於上訴人之事由，致全部解除契約時，被上訴人可無須經清算程序，逕自不予發還履約保證金。 這與懲罰性違約金（編號1）和損害賠償性違約金（編號2）的定義都不同。

然而，若要強行歸類，則更接近**損害賠償性編號2**。 因為雖然保證金全部不予發還，但其本質是因上訴人違約導致的結果，而非額外施加的懲罰。  判決書中，雖然被上訴人主張這是上訴人應負的懲罰性違約金責任，但法院並未採納此說法，而是從契約本身的條款和信託讓與擔保的性質來判斷。  因此，雖然有“懲罰”的意味，但並非基於獨立的懲罰性條款，而是違約後承擔的直接後果。


因此，選擇**損害賠償性編號2** 更為貼切。
",2
291,案件_291,"此判決內容最接近**損害賠償性編號2**。

雖然判決中涉及違約金的計算，但法院最終是根據雙方實際工程款項的計算、施工延誤及瑕疵修復的實際支出，來判斷應給付金額。  法院並未直接採用契約中約定的高額違約金，而是根據民法第252條（約定違約金過高者，法院得減至相當之數額）進行了大幅度的減額，最終判決金額與實際損失相符。  法院的裁決重點在於釐清雙方實際的債權債務關係，並以此為基礎計算最終的賠償金額，而非單純地對違約方進行懲罰。  雖然契約中存在懲罰性違約金條款，但法院並沒有執行，而是根據實際損失進行了判決。
",2
292,案件_292,"根據提供的判決書內容，以及懲罰性違約金與損害賠償性違約金的區分標準，此判決中的違約金條款**更接近懲罰性違約金（編號1）**。

理由如下：

* **系爭租約第14條第2項**明確約定：「甲方違約經乙方終止本約時……甲方應給付乙方自終止日起至原租期屆滿日止之租金總額作為**懲罰性違約金**」。  這句話直接點明了違約金的性質為懲罰性。

* **法院對違約金金額的處理**：雖然法院認為約定的違約金過高，並予以酌減，但其依據是民法第252條「約定之違約金額過高者，法院得減至相當之數額」，此條文適用於**無論懲罰性或損害賠償性**的違約金，只要金額過高，法院都有權利減輕。法院的酌減行為並不改變違約金本身的懲罰性本質。

* **金額與實際損失的關係**：判決書中雖然計算了實際損失（例如積欠租金、不當得利），但第14條第2項的懲罰性違約金，其金額是「自終止日起至原租期屆滿日止之租金總額」，這與實際損失的關係非常鬆散，遠超過實際損失的合理範圍，更符合懲罰性違約金的特徵。

雖然法院在判決中考量了實際損失，並對違約金進行了酌減，但契約本身明確將該違約金定性為「懲罰性違約金」，且其計算方式與實際損失無直接關聯，因此最終判斷更傾向懲罰性違約金。
",1
293,案件_293,"根據提供的判決書內容，案件的核心爭議在於建升營造有限公司(原告)是否已完成合約規定的工作，以及新北市政府高灘地工程管理處(被告)解除契約是否合法。判決書詳細描述了原告施工過程中的缺失、被告多次要求改善但原告未完成改善，最終被告解除契約的事實。

判決書中，雖然契約提及「逾期懲罰性違約金」，但最終法院的判決並非基於此違約金進行判決，而是基於原告未完成合約工作，且施工品質存在重大瑕疵，導致被告合法解除契約。原告請求給付350萬元工程款的訴訟請求被駁回。

因此，雖然契約中存在懲罰性違約金條款（編號1的要素），但本案的判決結果更符合**損害賠償性(編號2)**的分類。因為判決的重點在於原告未完成合約義務，被告的行為是基於此項違約事實解除契約，而非單純為了懲罰原告而付出的額外費用。  法院並未判決原告支付任何額外的罰金，而是駁回了原告索賠工程款的請求。因此選擇損害賠償性更為貼切。
",0
294,案件_294,"根據提供的契約內容以及懲罰性違約金與損害賠償性違約金的區分標準，此案例中「逾期罰款：每逾期1日罰款合約總額千分之五」的條款**最接近懲罰性違約金（編號1）**。

雖然判決書中被告辯稱該條款為損害賠償性違約金的預定，但從條款本身來看，它並未與實際損失直接掛鉤。  每逾期一日就罰款合約總額千分之五，這是一個固定的比例，與實際因延遲付款造成的損失之間缺乏直接的因果關係和比例關係。  法院最終也駁回了原告基於此條款請求的違約金。  這都指向該條款更接近懲罰性的性質。

因此，即使存在一些爭議，但基於提供的資訊及分析依據，選擇**懲罰性編號1**更為準確。
",1
295,案件_295,"根據提供的法院判決書內容，屬於**損害賠償性編號2**。

判決書中，雖然提及「懲罰性違約金2000萬元」，但法官最終並未支持被告以此項扣除原告款項的請求。法官仔細審查了每筆款項的合理性，並根據契約條款、鑑定報告以及證據，最終判決被告應支付原告特定金額，並考量了雙方主張的抵銷項目，但這些抵銷項目都是基於實際損失或費用，並非額外懲罰。  最終判決金額1523萬8552元，是經過詳細的計算和考量雙方責任後得出的，並非單純的懲罰性賠償。  因此，儘管契約中存在「懲罰性違約金」的條款，但法院的判決結果更傾向於損害賠償的性質。
",2
296,案件_296,"此判決內容屬於**損害賠償性編號2**。

雖然判決書中提到「懲罰性違約金」，但法院最後的判決結果是駁回原告請求，認定被告依契約約定扣除的違約金是合理的。這意味著法院並未認定這些違約金具有懲罰性，而是基於契約約定以及原告違約事實所造成的實際損失進行的賠償。法院詳細審理了原告主張的工期延誤原因，並一一駁回，最終支持了被告依契約條款計算的違約金。  判決中並未認定該違約金金額超出合理範圍，且重點在於審理原告是否真正有權利要求追加款項，而非單純對違約金的性質進行判斷。  因此，儘管契約中存在「懲罰性違約金」的字眼，但法院的判決結果更傾向於將其視為損害賠償。
",2
297,案件_297,"根據提供的判決書內容，法院認定契約中的違約金條款（每遲延一日罰總價千分之五）為**懲罰性違約金(編號1)**，並考量其過高，予以酌減。

雖然判決書中提到違約金是基於契約約定，但法院最終認為3,412萬8,000元（系爭工程）和708萬9,950元（追加工程）的金額過高，並非對實際損失的合理賠償，而是對違約行為的懲罰，所以進行了減至576萬元及162萬0,544元的調整。這符合懲罰性違約金的定義，因為最終判決的金額並非完全基於實際損失計算。  法院的酌減行為更強化了這一點。因此，儘管契約表面上看起來像損害賠償，但法院的最終裁決使其更符合懲罰性違約金的分類。
",1
298,案件_298,"選擇**損害賠償性編號2**。

雖然契約中提及「逾期懲罰性違約金」，看起來像是懲罰性違約金，但法院最終判決並未完全採納契約中的違約金計算方式，而是將其酌減至「契約總價15%」，並將多收部分認定為不當得利，要求返還。法院的判決著重於計算實際損失，並非單純對違約方進行懲罰，更接近損害賠償的性質。  因此，儘管契約條款本身帶有懲罰性色彩，但最終判決結果更符合損害賠償性違約金的定義。
",2
299,案件_299,"這份判決書內容屬於**損害賠償性編號2**。

雖然判決書中提到了柏凱公司主張的逾期罰款444萬6000元，但法院最終駁回了這個請求，並認定柏凱公司解除契約無理由。法院的判決是基於雙方契約的實際履行情況和違約責任，並未認定任何懲罰性違約金。  柏凱公司其他的損害賠償請求（訂金、膜結構材料費等）也是基於其認為遭受的實際損失，法院最終均未支持。  竹榮公司的反訴請求，法院也以未交付工作物為由駁回，同樣基於實際損失的考量。

總體而言，雖然判決書中出現了“違約金”字眼，但法院的最終裁決並未支持任何超過實際損失的賠償要求，因此更接近損害賠償性的分類。
",2
300,案件_300,"根據提供的判決書內容，這屬於**損害賠償性編號2**。

判決書詳細審理了雙方就工程款項、代墊款項以及工程延誤等方面的爭議，並基於事實和證據，計算出被告應支付原告的金額（874,237元）。  這筆金額是基於原告實際完成的工程、被告應支付的代墊費用，以及扣除原告未完成或有瑕疵的工程部分後所計算的結果。  判決書中雖然提及契約中關於逾期完工的罰則，但法院並未以此作為判決依據，而是根據實際損害進行判斷。因此，判決結果並非對被告進行懲罰，而是對原告實際損失的補償。  金額也並非遠超過合理範圍的損失比例。
",2
301,案件_301,"本判決內容屬於**損害賠償性編號2**。

雖然判決書中提及被告因原告延遲完工而受到業主罰款762,619元，並提到被告主張扣除原告應負的責任（606,290元），但法院的判決結果是：

1. **法院未採信被告關於原告延遲完工的說法。**  法院認為沒有證據證明原告知悉具體完工期限，也沒有證據證明原告的延遲行為導致被告受罰。

2. **判決結果是基於原告的實際未付工程款。**  判決被告需支付原告606,290元，這與被告被罰款的金額巧合，但法院並非以此作為判決依據，而是基於原告未收到應付工程款的事實。

3. **判決金額與實際損失相關。**  606,290元的判決金額是基於原告聲請的剩餘工程款，與原告的實際損失（未收到的工程款）直接相關。雖然與被告被罰款的金額相同，但這只是巧合，法院的判決依據是原告的未付工程款請求。

因此，雖然事件背景涉及罰款，但法院最終判決並未以懲罰性違約金為基礎，而是基於原告的實際損失，所以更接近損害賠償性。
",2
302,案件_302,"根據提供的判決書內容，我判斷此契約內容最接近**懲罰性編號1**。

雖然判決書中提及「依該不符合材料價金百分之十作為該項缺失之懲罰性違約金」，並計算了39,156元的懲罰性違約金，但案件的核心爭議並不在於此39,156元，而在於對因混凝土摻雜鋼碴而應扣除款項的金額認定。  10,401,356元的扣款金額遠超過鑑定報告中建議扣除的391,557元，且與實際損失的連結性較弱，更像是對違約行為的懲罰，而非單純的損害賠償。  雖然最終判決駁回了上訴，但契約中明確約定了「懲罰性違約金」的條款，且法院的判決也基於此條款進行了部分計算，因此更符合懲罰性違約金的定義。

總之，雖然存在損害賠償的元素，但契約中明確約定且實際運用的「懲罰性違約金」條款，以及巨額的扣款金額，讓其更符合懲罰性編號1的描述。
",1
303,案件_303,"這份判決書內容屬於**損害賠償性編號2**。

雖然判決書中提及「兩倍懲罰性違約金」，但這僅僅是被告的抗辯理由，法院並未採納此項抗辯，最終判決結果是基於原告實際完成工程但存在瑕疵，扣除相關費用（清潔費、代僱工費用、保留款）後，判決被告給付原告剩餘工程款項及利息。  判決金額與原告完成的工程量以及扣除的合理費用相關，符合損害賠償的性質，而非額外懲罰。  被告提出的違約金主張，因缺乏法院認可的證據基礎而被駁回，因此不構成判決的基礎。
",2
304,案件_304,"根據提供的判決書內容，判斷為**損害賠償性編號2**。

判決書中，原告標捷綠能公司請求510萬9,221元賠償，但法院認為原告未能舉證證明其損害與被告安捷公司的違約行為有直接且充分的因果關係，以及損害金額的計算依據。法院駁回了原告的請求。  雖然契約中提及100萬元的履約保證金，但法院認定其性質為要物契約的履約保證金，而非懲罰性違約金，且因原告未履行交付保證金的義務，且違約並非原告造成，因此法院也駁回了被告的反訴。

整體來說，法院的判決是基於實際損害的考量，並非對違約方進行額外懲罰。雖然金額巨大，但法院認為原告未能舉證其損害，因此駁回，這符合損害賠償性的判斷標準。  判決中沒有顯示任何額外罰金或懲罰性條款的判決結果。  雖然100萬元保證金在契約中存在，但法院並未將其認定為懲罰性違約金。
",2
305,案件_305,"本案內容是**懲罰性編號1** 與 **損害賠償性編號2** 的混合，但更接近**懲罰性編號1**。

雖然契約中提及了因違規而追繳違約金或扣減款項，這些金額似乎與實際損失相關聯（例如，因品管人員未到場而扣減的品管費用），符合損害賠償性的部分特徵。然而，這段文字主要描述的是法院判決書的內容，而非民事契約。判決書中對被告的處罰（有期徒刑、褫奪公權、沒收）遠遠超過了實際損失的範圍，這符合懲罰性違約金的特徵。  因此，雖然部分金額有試圖與損失掛鉤，但整體判決的性質是懲罰性的，而非單純的損害賠償。

因此，選擇**懲罰性編號1** 更為貼切。
",2
306,案件_306,"這份判決書內容屬於**損害賠償性編號2**。

雖然判決書中提及「逾期懲罰性違約金」，但法院最終並沒有以此計算賠償金額。法院詳細審理了雙方爭議的每筆款項，並根據契約條款、鑑定報告、以及雙方提供的證據，逐項計算原告應得的款項，以及被告可以抵銷的款項。最終判決的金額是基於實際損失和雙方權利義務的釐清，而非單純的懲罰性違約金。  法院更明確地將違約金的計算方式從契約約定的千分之三調整為千分之一，並僅計算到商場開始營運的日期，這都顯示法院的判決目標是補償實際損害而非懲罰。
",2
307,案件_307,"這份判決書內容屬於**損害賠償性編號2**。

雖然判決書中多次提及「違約金」，但法院最終判決的金額是基於審計、鑑定報告，以及雙方就工程款項、變更追加費用、展延工期費用等項目的爭議，經過審理後所確定的實際損失金額。  法院並未直接採用被告提出的高額「違約金」計算方式，而是根據證據和鑑定結果，對各項爭議進行逐條判斷，最後判決被告應支付的金額是基於原告實際遭受的損失，而非對違約方的懲罰。  法院也明確地駁回了被告部分關於違約金的請求，並根據鑑定報告調整了違約金的金額。這符合損害賠償性的特點，即補償實際損失。  雖然涉及違約金的計算，但其本質仍然是基於損害賠償的考量，而非單純的懲罰。
",2
308,案件_308,"根據提供的判決書內容，這屬於**損害賠償性編號2**。

雖然判決書中提及違約金，並計算了逾期違約金金額，但法院最終並未完全採信上訴人（台電）提出的違約金計算方式。法院審酌了鑑定報告，以及違約行為對台電造成的實際影響（人力、物力、時間的額外支出），並依職權將違約金金額從原先主張的1,074萬1,353元大幅減至375萬9,473元。  這個減額後的違約金金額更接近實際損害的賠償，而非單純的懲罰。  法院的裁決顯示，其考量重點在於補償台電因被上訴人違約所造成的實際損失，而非對違約方進行過度的懲罰。  因此，儘管契約中有違約金條款，但法院的最終判決更符合損害賠償性的定義。
",2
309,案件_309,"根據提供的內容，這份判決書屬於**損害賠償性編號2**。

雖然判決書中涉及了許多原告主張的款項，包括因契約變更、延遲付款、以及其他不當扣款等，但這些金額最終都是基於實際損失或費用而計算，並非額外罰金或懲罰性違約金。 判決書詳細列舉了計算基礎，並參考了鑑定報告的結果。  法院最終判決的金額 921萬4007元，是經過一系列的計算和審議後得出的，目的是補償原告因被告違約而造成的實際損失，而非對被告進行懲罰。  判決書中雖然提及被告扣罰原告的逾期違約金，但最終法院判決其不成立，並將其列入應返還給原告的款項中。  這符合損害賠償性違約金的特性。
",2
310,案件_310,"根據提供的判決書內容，扣款屬於**懲罰性編號1**。

判決書中明確指出契約中第6條(附件)、第10條第㈡項及第14條第㈦項的規定「性質均為懲罰性違約金」。  雖然法院最後判決雲林縣政府需返還款項，是因為法院認為縣政府扣罰的理由不足，而非認為這些違約金本身是損害賠償性質的。契約條款中約定的罰款金額與具體損失並沒有直接的因果關係，而是預先設定的固定金額或比例，符合懲罰性違約金的定義。  即使部分款項扣除的原因與施工瑕疵有關，但扣罰金額的計算方式仍依契約中預先設定的比例，而非根據實際造成的損害來計算，因此仍屬懲罰性違約金。
",1
311,案件_311,"根據提供的內容，510萬9,221元中包含了「給付遠銍公司之懲罰性違約金57萬0,321元」。這明確指出該金額的一部分是懲罰性的，而非完全基於實際損失的賠償。因此，即使其他部分可能屬於損害賠償，但由於存在懲罰性違約金，整體而言更接近**懲罰性編號1**。
",1
312,案件_312,"根據提供的判決書內容，契約中約定的違約金性質屬於**損害賠償性編號2**。

判決書中明確指出，契約第14條約定之違約金，其文字敘述為「按逾期之日數，每日賠償…損失總承攬金額千分之一」，此為損害賠償的性質，並非懲罰性的。  法院也進一步說明，因為合約未約定完工期限，因此違約金請求無理由。  雖然契約條款中寫明違約金，但法院認為其性質為賠償性，而非懲罰性，並根據民法第504條，因發包方未在領受工程後保留權利，故不得再請求違約金。


雖然契約條款使用了“違約金”一詞，但法院根據條款內容及民法規定，判斷其為賠償性違約金，其目的在於補償實際損失，而非懲罰違約方。  法院的判決結果也支持了這一點。  因此，最接近的分類是損害賠償性編號2。
",2
313,案件_313,"本判決結果顯示，金額是基於實際損失所計算，並非單純的懲罰。雖然判決書中提到「懲罰性違約金」，但法院最後判決的金額是基於上訴人實際的損失（增加的監造期間服務費和被不當扣除的工程款），並非一個預設的固定數額或與實際損失無關的額外罰款。  因此，最接近的分類為**損害賠償性編號2**。  法院雖然提及契約中存在懲罰性條款，但最終判決並未以此為基礎判賠，而是依據實際損失進行判決。
",2
314,案件_314,"根據提供的判決書內容，此判決屬於**損害賠償性編號2**。

判決書詳細審理了雙方關於工程款的爭議，並針對樺興公司提出的各種抵銷理由（例如：工程缺失、逾期、材料損耗等）進行了逐一審查和計算。法院並未直接判決任何額外的罰款或懲罰性違約金，而是基於實際的工程款項、已支付金額、以及經審查後認定的有效抵銷金額來計算最終應支付金額。法院最終判決樺興公司應再給付泰宣公司新臺幣壹佰玖拾萬柒仟貳佰陸拾伍元，以及利息，這是一個基於實際損失計算的金額，而非額外懲罰。  雖然契約中約定了逾期違約金，但法院考量到其過高及實際損失情況，依法予以酌減，最終判決的金額仍然是與實際損失相連結的。

因此，儘管契約中存在懲罰性違約金條款，但法院的最終判決並未採用其原金額，而是基於實際損害進行了調整，更符合損害賠償性的定義。
",2
315,案件_315,"根據提供的判決書內容，此判決屬於**損害賠償性編號2**。

判決書中，法院針對原告（博耀公司）與被告（巨宇公司）的工程款糾紛進行審理，並考量了追加工程、逾期完工等因素。法院最終判決巨宇公司需支付博耀公司一部分追加工程款項，同時也考量了博耀公司逾期完工的違約責任，並依據契約約定計算了違約金，但法院並未直接採用契約中約定的千分之一每日違約金，而是考量到其懲罰性過高，依職權酌減為千分之0.5。  這表示法院是基於實際損失和違約責任來計算金額，並非單純的懲罰。最終判決的金額是雙方債權債務抵銷後的結果，這也符合損害賠償的特性。

雖然契約中約定了懲罰性違約金，但法院最終的判決結果卻是根據實際情況進行調整，並未簡單地執行契約中懲罰性的條款，而是致力於計算實際損失並進行債權債務的抵銷。  因此，更接近損害賠償性的分類。
",2
316,案件_316,"此判決內容屬於**損害賠償性編號2**。

判決結果是要求被告支付新台幣36萬8,445元，以及從109年5月23日起至清償日止的利息。這筆金額是基於原告主張被告計價、計量錯誤以及不當扣除逾期違約金而計算出來的，目的是補償原告的實際損失。  判決書詳細審理了原告提出的每一項損失主張，並根據契約條款和證據進行判斷，最後給出的金額並非額外罰金，而是基於實際損失計算的賠償。  雖然契約中存在違約金條款，但法院並未以此判決，而是根據實際損失情況進行了裁決，更重要的是，判決中並未提及任何懲罰性賠償。因此，更符合損害賠償性的定義。
",2
317,案件_317,"根據提供的內容，判斷其更接近**損害賠償性編號2**。

雖然契約中存在關於履約保證金不予發還的條款，且法院判決也參考了此條款，但法院的最終判決並非全數沒收履約保證金，而是考量了被上訴人已完成部分工程，以及上訴人因被上訴人違約所產生的損失，最終判決返還部分履約保證金。  法院的計算方式是基於實際損失（被上訴人已完成工程款、後續工程款、搶修工程款與原契約總價的差額），並以此扣除被上訴人應得的報酬，剩餘部分再從履約保證金中扣除。此種計算方式更符合損害賠償的邏輯，而非單純的懲罰。

雖然契約中存在可能被解讀為懲罰性條款的部分，但法院的判決並未完全依此條款執行，而是基於實際損失進行了權衡和計算，更符合損害賠償的性質。因此，選擇損害賠償性編號2更為貼切。
",2
318,案件_318,"此判決書內容描述的是一個融資性分期付款買賣契約糾紛，涉及140萬元的履約保證金。法院最終認定該140萬元為違約金，並非懲罰性違約金，而是損害賠償總額預定。法院考量了實際損失、利息收入、以及訴訟費用等因素，將違約金酌減至45萬元。因此，更接近**損害賠償性編號2**。

雖然契約中設定了140萬元的履約保證金，但法院的判決並非簡單地認定其為懲罰性違約金。法院仔細審理了案件的具體情況，最終判斷其性質為損害賠償總額預定，並基於公平原則進行了酌減。因此，儘管初始約定金額較高，但法院的最終裁決更符合損害賠償的性質。
",2
319,案件_319,"此判決書內容屬於**損害賠償性編號2**。

雖然判決書中提及「逾期罰金」，但法院最終計算的金額是基於實際的遲延日數和契約約定的每日罰金計算，並考量了雙方爭議、鑑定報告以及法律規定（民法第252條，法院得減至相當數額），最終判決的金額(2,697,705元)是根據實際情況調整後的結果，並非單純的懲罰性違約金。  法院並非直接採用契約中約定的懲罰性違約金上限，而是根據實際情況進行了裁量。  整體判決結果更著重於計算實際損失並進行抵銷，最終判決金額並未顯著超出合理的損害賠償範圍。  因此，更符合損害賠償性的定義。
",2
320,案件_320,"根據提供的判決書內容，此屬於**懲罰性編號1**。

判決書中明確指出，契約中關於逾期完工的罰款條款性質為「懲罰性違約金」。法院也支持被告依據該條款扣除違約金，並未考量被告是否實際因此造成損失。  雖然判決書中討論了工程範圍是否包含原告額外施作的部分，但最終法院駁回原告的請求，並未認定該部分為額外的損失，而是基於懲罰性違約金的條款進行判決。  法院認為即使原告主張因被告要求而延誤，但契約中明確約定了懲罰性違約金，且原告逾期完工的事實存在，因此支持被告扣除違約金。  因此，58萬元的違約金（加計稅金後為60萬9千元）與實際損害並無直接連結，符合懲罰性違約金的定義。
",1
321,案件_321,"根據提供的判決書內容，屬於**損害賠償性編號2**。

判決書中，台灣大哥大（上訴人）主張被上訴人收受佣金造成其損失，並未請求超過實際損失的額外罰金。雖然上訴人提出1216萬4795元的損失，但法院認定上訴人未舉證其因佣金而受有此額度之實際損失，因此駁回其請求。  法院的判決著重於上訴人是否能證明其實際損失，而非對被上訴人進行額外的懲罰。  這符合損害賠償性的定義，即補償實際造成的損失。  雖然之前曾有另一判決（108年度勞上字第140號民事判決）判決被上訴人支付70萬1463元，但那屬於另一案件，基於不同契約條款（保密義務違約金），不影響本案的分類。


本案核心在於證明實際損害的責任在於上訴人，而非對違約行為處以額外懲罰。因此，更接近損害賠償性的分類。
",2
322,案件_322,"根據提供的判決書內容，案件爭議的核心在於被上訴人（驊宏資通）能否基於洺督公司未完成工程且造成被上訴人損失，而從林朝陽（已故，其繼承人為上訴人）所擔保的本票中獲得賠償。判決書中，法院認定系爭本票有效，且林朝陽對本票負有保證責任。法院最終判決上訴人（林朝陽的繼承人）需在繼承範圍內連帶給付被上訴人新台幣181萬5,953元及其利息。

這個金額181萬5,953元是基於**實際損失**來判定的。雖然判決書冗長，且涉及複雜的工程糾紛、契約變更、以及多個相關判決，但最終法院判決的金額並非任意懲罰，而是與被上訴人因洺督公司違約而遭受的損失（主要來自被臺北市停管處沒收的履約保證金）相關聯。法院也考量到洺督公司在整個工程中的違約責任比例(68.7%)，並以此比例來考量損害賠償的金額。  雖然金額較高，但法院的論述是基於被上訴人實際遭受的損失與違約行為的因果關係。

因此，本案最接近的分類是**損害賠償性編號2**。
",2
323,案件_323,"根據提供的內容，此判決涉及的是**損害賠償性編號2**。

判決書中，法院審理了隆豐公司對於新北市立佳林國民中學的工程款項請求，並針對多個爭議點進行了詳細的審查和計算，最終判決佳林國中應再給付隆豐公司新臺幣壹拾肆萬玖仟柒佰叁拾柒元。  法院的計算過程基於實際工程量、單價和契約條款，並考量了雙方的證據和說法。  雖然判決中提到了「懲罰性違約金」，但法院最終對此進行了審查和酌減，並非全盤接受佳林國中的主張。  法院的最終判決金額是基於對實際損失的計算和補償，而非單純的懲罰。  因此，更接近損害賠償性的分類。
",2
324,案件_324,"本判決認定契約中關於違約金的約定具有懲罰性，而非損害賠償性。法院並未支持被告要求的全部違約金金額，而是將其大幅減至 22萬0261元，這個數額明顯低於原先約定的132萬1566元，且與實際損害的關聯性不高。  法院的判斷依據是違約金約定具有懲罰性，且原告違約情節並非重大，故酌減至相當數額。因此，最接近的分類是**懲罰性編號1**。
",1
325,案件_325,"這份判決書的內容屬於**損害賠償性編號2**。

雖然判決書中提及契約條款中存在“懲罰性違約金”的條款，但法院並未依此條款判決。法院最終的判決是基於原告實際完成的工作量和應得的報酬，並考量了被告的抗辯和提供的證據（儘管法院認為這些證據不充分或有矛盾），最終判決被告支付原告相應的工程款項及利息。  判決金額並非一個預設的固定數額，而是根據法院對雙方提交證據的審查後得出的結果。  這符合損害賠償的定義：補償因違約行為造成的實際損失。  法院雖然提及契約中懲罰性條款的存在，但並未將其作為判決的依據。
",2
326,案件_326,"此判決結果屬於**損害賠償性編號2**。

判決書中，法院判決被告應支付原告新台幣86萬8911元，這是基於雙方簽訂的工程契約中關於保留款的約定。  法院的判決理由詳細說明了契約條款，以及被告抗辯理由為何不足採。  判決金額是基於契約約定的保留款比例計算，並非額外罰金，而是對原告因契約尚未完全履行而造成的實際損失進行補償。  雖然判決書中提到契約中存在懲罰性違約金的條款，但法院並未以此為基礎進行判決，而是基於保留款的約定。因此，最終的判決結果更接近損害賠償的性質。
",2
327,案件_327,"此判決內容屬於**損害賠償性編號2**。

雖然判決中提及被告主張的逾期違約金和瑕疵修補費用，但法院最終並未全盤採納被告的說法，而是經過詳細審理和計算後，僅認可部分違約金和瑕疵修補費用，並將其與原告請求的工程款進行抵銷。  法院的計算過程是基於原告實際完成工程量、已支付款項、以及經法院認定合理的瑕疵修補費用等，最終判決金額 489萬2913元，是對原告實際損失的賠償，而非額外懲罰。  這個金額並非一個預設的固定數額或比例，而是經過計算得出的，更符合損害賠償的性質。  雖然被告主張的違約金計算方式看似懲罰性，但法院並未採納其計算結果，而是根據事實和法律規定進行了調整和核減。
",2
328,案件_328,"根據提供的判決書內容，被告主張的違約金包含「逾期違約金」和「懲罰性罰款」兩種。

* **逾期違約金:**  此部分計算方式是依據契約價金總額的千分之一每日計算，屬於損害賠償性違約金（編號2）。雖然計算結果可能因為逾期天數而累積至相當高的金額，但其依據仍然是實際的逾期損失。  法院也根據契約中將違約金上限設為契約價金總額20%的條款進行了調整，更能說明其損害賠償的性質。

* **懲罰性罰款:** 契約中明確寫明每日額外處以10,000元的懲罰性罰款，這明顯屬於懲罰性違約金（編號1），與實際損失無直接關聯。

法院最後的判決結果，雖然考慮了被告主張的違約金，但對懲罰性罰款部分進行了酌減，只判決被告需支付一部分的懲罰性罰款和逾期違約金。這也印證了懲罰性罰款和損害賠償性違約金的區別。

綜合以上分析，由於契約中同時存在損害賠償性和懲罰性兩種違約金條款，且法院的判決也分別處理這兩種違約金，因此無法簡單地歸類為編號1或編號2。但若必須選擇最接近的分類，則選擇**懲罰性編號1**更為貼切，因為契約中明確存在並被法院部分採納的懲罰性罰款條款。
",2
329,案件_329,"根據提供的判決書內容，此判決涉及的違約金部分，**最接近懲罰性違約金（編號1）**。

判決書中提及被上訴人主張上訴人遲延工程508日，依系爭協議書第4項每逾期1日扣款3萬元之約定，上訴人應賠償1,524萬元（15240000）的違約金。  這個金額遠遠超過了實際損失（代履行費用954,042元），且法院最終也認定此金額過高，酌減至200萬元。

雖然法院最終判決酌減了違約金，但原先被上訴人所主張的金額及其計算方式明顯具有懲罰性質，而非基於實際損失的合理賠償。  即使法院的最終判決結果將部分金額認定為合理的損害賠償，但初始約定及被上訴人的主張，更符合懲罰性違約金的定義。  因此，選擇編號1更為貼切。
",1
330,案件_330,"根據提供的判決書內容，屬於**損害賠償性編號2**。

判決書中，雖然提及「逾期違約金新臺幣1,956萬0,321元」，但法院最終的判決是基於雙方參與的調解結果，確認了該金額，且這個金額並非單純地對違約方進行懲罰，而是基於雙方協商和審議委員會的建議，對實際情況的考量和酌減後的結果。  法院也審查了上訴人所主張的展延工期及相關成本，並根據契約條款和相關法律條文，對其主張進行了具體分析，最後駁回了大部分請求，僅准許了少部分與實際損失相關的費用。 這些都符合損害賠償性的特徵，即補償因違約行為造成的實際損失。  而判決中涉及的金額並未明顯超出合理損失的比例，且有詳細的計算依據和說明。  因此，儘管契約中有提及違約金，但判決結果更接近損害賠償的性質。
",2
331,案件_331,"根據提供的法院判決書內容，此判決屬於**損害賠償性編號2**。

判決書中，法院詳細審理了吉進營造有限公司(上訴人)與葉福記建設有限公司(被上訴人)之間的工程款糾紛。法院最終判決葉福記建設有限公司應支付吉進營造有限公司新台幣318萬4,810元，以及從107年6月5日起至清償日止的利息。  這個金額是基於雙方簽訂的合同、施工進度以及葉福記公司自行完成部分工程後所剩餘的款項計算得來的，並考量了吉進營造公司工程延遲所產生的違約責任。法院逐條審查了葉福記公司提出的抵銷請求，並根據證據認定哪些請求成立，哪些請求不成立，最終計算出應支付的金額。

整個判決過程著重於計算實際的損失和合理的賠償，而非對違約方進行額外的懲罰。  雖然判決書中提到了違約金（因工程延誤），但這是基於合約條款，並經過法院的審查和計算，最終納入損害賠償的整體計算中，而非獨立存在的懲罰性違約金。  金額也並非遠超過實際損害的合理比例。  因此，更符合損害賠償性的定義。
",2
332,案件_332,"根據提供的判決書內容，法院判決反訴被告(台塑網公司)應給付反訴原告(正龍公司)新臺幣壹仟壹佰參拾參萬零參佰陸拾壹元，以及利息。  這筆金額是根據正龍公司主張的損害計算而來，包含重新發包增加費用、部分工程款等等，並與台塑網公司違約的程度以及造成的實際損害相關聯。  雖然金額看似龐大，但判決書中詳細論述了計算過程，並考量了雙方主張與相關證據，並非單純的懲罰性違約金。  因此，最接近的分類是**損害賠償性編號2**。
",2
333,案件_333,"本判決書內容屬於**損害賠償性編號2**。

雖然判決書中涉及「逾期罰款」，但其基礎是基於契約約定的每日罰款金額乘以逾期天數計算得出。關鍵在於法院最終認定承包商（被上訴人）並未逾期完工，因此「逾期罰款」的計算及扣除行為被認定無效，上訴人需返還相關款項。  法院重新計算了合理的工期展延天數，並以此為基礎，判定承包商沒有違約，應支付的金額是基於實際的損失（未支付的工程款項）和不當得利（扣除的款項），而非額外懲罰。  因此，儘管契約中存在罰款條款，但判決結果並未以此作為懲罰性賠償，而是回歸到損害賠償的本質。
",2
334,案件_334,"根據提供的判決書內容，案件的核心爭議在於文隆公司是否對上訴人（臺北市政府工務局新建工程處）擁有工程款債權。判決書中詳細闡述了契約條款，以及上訴人基於契約約定（系爭工程契約第5條第3項、第22條第1項）主張扣抵文隆公司因工程瑕疵、溢領款項等所造成的損害，並最終認定文隆公司因約定扣抵權的行使而無剩餘債權可請求。

判決書中雖然提到「勞安懲罰性違約金51,000元」，但這筆金額與本案確認債權是否存在的主文無直接關係，且並未作為計算損害賠償的依據。判決的核心在於根據契約條款計算工程款債權的實際金額，並考量因文隆公司違約所造成的損害進行扣抵，最終判定文隆公司無剩餘債權。  這符合**損害賠償性編號2** 的描述。  雖然有提到懲罰性違約金，但這筆金額並非本判決的重點，且判決的結果是基於損害賠償的計算，並非單純的懲罰。


因此，最接近的分類為：**損害賠償性編號2**
",2
335,案件_335,"此判決結果最接近**損害賠償性編號2**。

雖然判決書中提及被告扣除款項是「不予計價做為懲處」，以及被告的抗辯中多次提到「懲罰」，但法院的判決結果是基於原告實際完成的工作，以及被告未依約支付的款項來判斷的。法院審理了雙方提供的證據，最終判決被告應支付原告新臺幣參拾肆萬玖仟玖佰玖拾參元，此金額並非額外罰款，而是法院認定原告應得的工程款項。  法院的判決過程詳細分析了工程的瑕疵，以及責任的歸屬，並非單純地以懲罰為目的。雖然判決書中出現「懲處」字眼，但法院最終的判決金額並非基於懲罰性違約金的計算方式，而是根據原告實際完成工作應得的報酬和被告未支付的部分計算的。因此，更接近損害賠償性的性質。
",2
336,案件_336,"根據提供的判決書內容，這屬於**懲罰性編號1**。

雖然判決書中提及1,500,000元違約金，原告主張其為「懲罰性違約金」，但法院最終駁回了原告的請求。法院的判決理由是，被告並未違反契約中約定停工逾一個月的條款，因此不存在應支付違約金的依據。  法院的判斷重點並不在於違約金數額是否與實際損失相符，而在於是否構成契約約定的違約行為。  契約中約定的1,000萬元違約金，以及法院判決中提及的150萬元違約金請求，其數額都遠高於一般損害賠償的合理範圍，更符合懲罰性違約金的定義。  即使法院駁回請求，其本質仍是契約中約定的高額懲罰性違約金。
",1
337,案件_337,"這份判決書的內容屬於**損害賠償性編號2**。

判決書的核心在於確認1841萬3732元保固金債權是否存在。法院審理的焦點是原告（委託代辦工程者）是否能基於工程瑕疵及相關契約條款（系爭契約第24條第3項第2、3、6款）抵銷該保固金債權。法院最終駁回原告請求，認為原告未盡舉證責任，無法證明工程瑕疵與其損失之間的因果關係，且前案判決已認定原告損失是由自身行為造成，因此原告無權抵銷保固金。

這並非對違約方（承包商）施加懲罰，而是針對原告主張的抵銷權利進行審查，並根據事實和證據判斷其是否成立。  判決結果是確認保固金債權存在，這屬於確認原有債權關係的訴訟，而非額外罰款或懲罰性違約金。  雖然契約中提及了因承包商違約可能不返還保固金，但法院的判決並非基於此懲罰性條款，而是基於原告未能舉證證明其有權行使抵銷權。  因此，更接近損害賠償性的分類。
",2
338,案件_338,"根據提供的判決書內容，此判決屬於**損害賠償性編號2**。

判決書主要在釐清因不可歸責於承攬方（振和營造）的原因導致工程延期的相關費用，並非對違約方進行懲罰。判決書詳細審理了免計工期和展延工期，並針對振和營造請求的各項費用（管理費、物價調整款、保險費等）逐一分析其是否符合法律規定和契約約定，最終僅判決新北市政府需支付因交通維持計畫審查和成州市場早市影響而免計工期期間的工程營造保險費（24萬2,875元），此金額與實際損失相關聯，並未涉及額外罰金或遠超過實際損失的金額。  其他請求均被駁回，顯示法院並非意圖懲罰新北市政府，而是基於契約和法律規定，對雙方權利義務進行公平的判斷。  因此，最接近的分類是損害賠償性。
",2
339,案件_339,"根據提供的判決書內容，**最接近損害賠償性編號2**。

雖然契約中提及「逾期違約金」，並有千分之一的計算方式，看似懲罰性，但判決書中法官考量了多項因素，並未全盤採信原告主張的懲罰性違約金計算方式。  法官根據鑑定報告，調整了逾期天數，並駁回了原告部分損失賠償請求（例如辦公室租金），最後判決的金額(905,216元)顯然低於原告最初請求的金額(1,910,429元)，且經過保留款抵銷後，更低於其他損失賠償請求金額。  這顯示法院並非單純地以懲罰為目的，而是試圖根據實際損失進行賠償。  因此，儘管契約條款中存在一些懲罰性的要素，但最終判決結果更傾向於損害賠償的性質。
",2
340,案件_340,"根據提供的判決書內容，案件屬於**損害賠償性編號2**。

判決書中，法院詳細審理了原告與被告雙方提出的所有款項請求與抗辯，並逐項判斷其合理性，最終判決被告應給付原告新臺幣23萬9399元。這個金額是基於雙方契約、民法相關規定以及事實證據進行計算和抵銷後得出的結果，並非單純的罰款或懲罰性違約金。法院明確地根據實際損失和相關證據來判斷雙方權利義務，最終判決金額也與實際損失範圍相符，符合損害賠償性的特點。  即使涉及逾期違約金，法院也依法根據實際遲延天數和民法第252條的規定，將其酌減至合理的金額。


總體而言，判決書的內容展現的是一個完整的損害賠償計算和法律爭議解決過程，符合損害賠償性違約金的定義，而非懲罰性違約金。
",2
341,案件_341,"根據提供的判決書內容，此判決屬於**損害賠償性編號2**。

判決書詳細審理了原告（鴻祥營造）提出的各項費用請求，並逐一判斷其是否符合契約約定或法律規定，最終判決被告（東利開發工程）需支付原告新台幣131萬7624元。  此金額是基於原告因被告原因導致的工期延誤、地震損壞修復以及相關費用而計算的，並非任意罰款，而是對實際損失的賠償。  雖然判決書中提及契約中關於逾期申請展延工期需支付懲罰性違約金的條款，但法院僅判決被告支付了少量的懲罰性違約金（9萬5500元），這部分金額遠低於原告提出的其他損失賠償請求，且與實際延誤天數相關。  主要的判決金額是基於實際損失計算的，符合損害賠償的性質。
",2
342,案件_342,"這份判決書描述的是損害賠償性違約金 (編號2)。

雖然契約中提及「逾期違約金」，但判決書多次強調其性質是「損害賠償額預定性違約金」，並非懲罰性違約金。法院根據契約約定，計算了逾期完工的損害賠償金額 (1,692,000元)，並非一個與實際損失無關的額外罰款。  關於鑑定費用的部分，法院也只判決了部分費用，並非全額給付，這也更符合損害賠償的性質，而非懲罰。  法院最終駁回上訴人的請求，說明其請求的金額並沒有超過合理的損害賠償範圍。

總而言之，判決的結果以及判決理由都更傾向於損害賠償性違約金，而非懲罰性違約金。  因此，選擇**損害賠償性編號2**更為恰當。
",2
343,案件_343,"這份判決書內容屬於**損害賠償性編號2**。

判決書中，法院針對工程款項的計算，是基於雙方契約、實際工程完成狀況、以及雙方提出的瑕疵與扣款請求，逐一審核後，認定哪些費用可以扣除，哪些費用不合理而駁回。  最後判決的金額是根據這些審核結果，從原告的請求金額中扣除被告合理可扣除的費用後得出的，目的在於補償原告實際的損失，而非對被告進行額外的懲罰。雖然判決書中提到了契約中關於違約金的條款，但法院並沒有依此條款判決，而是根據實際情況進行損害賠償的計算。  這符合損害賠償性違約金的定義。
",2
344,案件_344,"根據提供的法院判決書內容，此判決涉及的是**損害賠償性編號2**。

判決書詳細審理了雙方在工程款支付上的爭議，並逐條分析契約條款，最終判決上訴人（宏偉工程顧問有限公司）需支付被上訴人（和鎂工程顧問有限公司）部分工程款項及利息。  判決的金額基於被上訴人已完成的工作量、上訴人違約行為造成的損失（例如未依約提供資料導致延誤），以及雙方契約中關於付款方式的約定。  法院考慮了上訴人提出的抵銷請求（例如逾期罰款、代墊款項、瑕疵修復費用等），但經過審查後，只允許部分抵銷請求，其餘則被駁回。  整體而言，判決的金額旨在補償被上訴人因上訴人違約行為所遭受的實際損失，而非對上訴人進行額外的懲罰。  雖然判決中提到利息，但那是基於遲延支付所產生的損失補償，而非懲罰性罰款。  因此，更接近損害賠償性的分類。
",2
345,案件_345,"這份判決書描述的是**損害賠償性編號2** 的情況。

雖然契約中提及「扣罰逾期違約金」，但判決書重點在於釐清這些違約金是否合理，以及是否與實際產生的損害相符。法院最終判定新北市政府地政局扣除的費用部分合理，部分不合理，並基於實際損失（增加的監造費和專案管理費），判決地政局應返還一部分保固保證金給築展營造股份有限公司。  這符合損害賠償的定義，即補償因違約行為造成的實際損失。  法院的判決並非額外處罰，而是根據契約條款及實際損失情況做出判斷。  金額也並非遠高於實際損失的程度。
",2
346,案件_346,"根據提供的判決書內容，法院認定系爭違約金的性質屬於**損害賠償性編號2**。

判決書中，法院詳細分析了契約中違約金條款的性質，並最終認定其為「損害總額預定性違約金」，而非懲罰性違約金。法院考量了被上訴人因承包商逾期完工而產生的實際損失（包括監造費增加和興建臨時辦公室的費用），並據此對違約金數額進行了酌減，最終判決金額與實際損失有相當的關聯性。  這與損害賠償性違約金的定義相符。  雖然契約中使用了“罰款”等字眼，但法院根據契約整體內容及相關法條的解釋，認為其並非具有懲罰性質的違約金。
",2
347,案件_347,"根據提供的判決書內容，應選擇**損害賠償性編號2**。

雖然判決書中提及違約金，但法院最終判決的金額2771582元並非單純的違約金累計，而是經過法院考量原告的請求、被告的抗辯（包含違約金和損害賠償），以及雙方債務的抵銷後得出的結果。  法院對違約金的計算方式與數額進行了審查，並非直接採用契約中約定的違約金，而是考量了其是否過高，並最終做出調整和抵銷，這更符合損害賠償的性質，目的是補償被告因原告違約造成的實際損失，而非單純懲罰原告。  判決書中詳細審理了原告的違約行為，並根據具體情況計算了損失，最終判決金額也與原告的實際損失較為接近，而非遠遠超出。
",2
348,案件_348,"根據提供的判決書內容，判決中提及「按週年利率百分之5計算之懲罰性違約金」，且符合懲罰性違約金的定義：金額與實際損失無直接關聯，是對違約行為的額外懲罰。因此，本判決中關於違約金的部分屬於**懲罰性編號1**。
",1
349,案件_349,"此判決結果最接近**損害賠償性編號2**。

雖然契約中約定了逾期違約金，且比例看似偏高，但法院最終判決的金額是根據雙方約定，並考量了原告的逾期情況後，計算出被告應給付的金額（7,287,954元）。  法院並未單純地強加懲罰性違約金，而是基於契約條款和事實情況，對逾期部分進行了計算和調整。法院的審理過程也著重於計算實際的逾期損失，並考量了契約中約定的不同違約金比例，最後判決的金額並未顯著超過合理的損失範圍。  因此，儘管契約中存在一些看似懲罰性的條款，但最終判決的結果更傾向於損害賠償的性質。
",2
350,案件_350,"損害賠償性編號2

判決書指出，原告請求被告賠償因承攬契約終止而生的損害254,700元，此金額是基於法院囑託的鑑定報告，並非預設的罰金，而是對實際損失的補償。雖然判決書中提到了「遲延利息」，但這是基於民法規定，針對未按時支付款項的額外費用，並非懲罰性質的違約金。  因此，整體而言，判決結果更符合損害賠償性的定義。
",2
351,案件_351,"根據提供的判決書內容，此判決屬於**損害賠償性編號2**。

判決書主要圍繞著上訴人（明亞營造）因被上訴人（公路總局）未依約支付工程款項、營業稅及不當扣除款項等爭議展開。法院的判決結果是命被上訴人給付上訴人特定金額，這些金額與上訴人所主張的實際損失（未付工程款、營業稅及被扣除的款項）直接相關。  判決書中仔細審理了各項費用（包含空污費、營業稅、遲延利息等）的合理性與法律依據，並非單純的懲罰性罰款。  雖然涉及利息計算，但這些利息是基於遲延付款產生的實際損失而計算，符合損害賠償的性質，而非額外懲罰。

因此，本判決中所涉及的款項給付，目的是補償上訴人因被上訴人違約所造成的實際損失，符合損害賠償性違約金的定義。
",2
352,案件_352,"根據提供的判決書內容，**系爭契約中關於逾期完工的違約金屬於懲罰性違約金(編號1)**。

判決書中多次提及“逾期懲罰性違約金”，並明確計算方式為「每日依本契約總價金1/1000計算懲罰性違約金」。  這符合懲罰性違約金的定義：金額與實際損失沒有直接關聯，而是根據違約天數按比例計算的固定金額。  法院也明確指出這部分違約金的計算方式，而非基於實際損失進行賠償。  雖然判決書中也涉及損害賠償，例如地墊材料款、保險費、預期利益等，但這些是獨立於懲罰性違約金之外的請求。

因此，儘管判決中包含損害賠償的計算，但文中明確指出“逾期懲罰性違約金”的存在，且計算方式符合懲罰性違約金的特性，故選擇**懲罰性編號1**。
",1
353,案件_353,"本判決內容屬於**損害賠償性編號2**。

雖然判決中涉及金額的計算和給付，但這些金額是基於菁木營造有限公司因新北市淡水區公所的違約行為（例如遲延提供施工基地、監造單位設計錯誤等）所造成的實際損失而計算出來的。判決並未提及任何額外的罰金或懲罰性條款，而是根據契約條款和民法相關規定，對實際損失進行補償。法院的裁決是根據雙方提供的證據和專家鑑定意見，對實際損失進行了詳細的審核和計算，最後判決的金額也並非遠超過損害的合理比例。  因此，更接近損害賠償性的定義。
",2
354,案件_354,"根據提供的判決書內容，以及懲罰性違約金和損害賠償性違約金的區分標準，此判決書中關於違約金的部分**最接近懲罰性違約金（編號1）**。

判決書中明確指出「系爭契約第21條第2項約定之違約金，性質為懲罰性違約金」，且日南公司請求的違約金是基於契約約定的百分比，而非實際損失的計算。  雖然判決結果駁回了日南公司請求違約金的要求，但其請求的性質本身是懲罰性的。  最終駁回的原因是基於雙方後續的房屋買賣協議及日南公司後續的同意書，而非違約金本身的性質。
",1
355,案件_355,"本判決書內容屬於**損害賠償性編號2**。

雖然判決書中涉及金額計算，並且提到「逾期違約金」，但仔細分析後，這些金額並非無條件的懲罰性違約金，而是基於實際的違約行為（例如估驗計價逾期、初驗逾期、竣工圖送審逾期等），按照契約中約定的比例計算出來的賠償金額。法院並未單純地判決上訴人支付一個預設的罰金，而是詳細審理了每個違約項目的實際情況，最終判決的金額是基於對實際損失的計算和酌減後得出的結果。  法院也考量了部分違約行為並非完全歸責於上訴人，並對金額進行了調整，這更符合損害賠償的原則。

因此，儘管使用了「違約金」的詞彙，但從法院的判決邏輯和計算方式來看，更接近損害賠償性的性質，而非單純的懲罰。
",2
356,案件_356,"根據提供的判決書內容，此判決涉及的是**損害賠償性編號2**。

判決書中，法院詳細審理了工程是否完工、工程瑕疵的程度以及合約條款的解釋。判決結果並非對違約方（元大消防工程股份有限公司）進行額外懲罰，而是根據工程實際完成情況以及瑕疵程度，來決定應支付的工程款金額。  法院認定元大公司未依約完成工程，因此駁回了大部分的工程款請求。  雖然契約中提及懲罰性違約金，但法院並沒有以此為依據判決，而是基於實際損害及契約的履行情況來裁決。  最終判決的金額是基於已完成部分的工程，並非任意施加的懲罰性罰款。  因此，更符合損害賠償性的定義。
",2
357,案件_357,"根據提供的判決書內容，此案件屬於**損害賠償性編號2**。

判決書詳細審理了原告億海公司與被告嘉義市政府文化局之間的工程款糾紛，針對原告提出的未付工程款及被告扣除的違約金逐項分析，並基於契約條款及相關法規，認定部分違約金的計算方式有誤，部分工程款項應屬於契約範圍內原告應承擔的義務。判決駁回了原告的請求。

雖然判決書中提及「懲罰性違約金」 (例如品管計畫書逾期罰款)，但這些罰款的金額是基於相關規範計算的，並非無限制的懲罰性罰款。判決書更詳細計算並檢驗了這些罰款的合理性，並非單純的處罰，而是基於原告的違約行為而作出的扣款。

整體而言，判決的重點在於釐清雙方在契約執行中的權利義務，並根據實際情況判斷原告是否有權利獲得額外款項以及被告扣除的違約金是否合理，最終判決結果是基於實際損失和契約約定來進行的損害賠償。因此，更接近損害賠償性的分類。
",2
358,案件_358,"此判決書內容屬於**損害賠償性編號2**。

雖然判決中提及「逾期按日處以工程總價千分之一罰款」，看似懲罰性違約金，但法院最終將此違約金從原告主張的660,000元酌減至250,000元。  法院的理由是考量被告因原告未如期完工所受的實際損害，並依據誠信原則、社會經濟狀況及一般住宅興建工程的交易常態，判定原先的違約金過高。  法院的裁決並非基於對違約方的懲罰，而是基於對實際損害的合理評估與補償，更符合損害賠償性的定義。  最終判決金額598,918元也與實際工程款項、已支付款項、工程瑕疵以及酌減後的逾期違約金相關聯，並非一個預設的固定罰款金額。
",2
359,案件_359,"這份判決書描述的是**損害賠償性編號2**。

雖然判決中提及「懲罰性違約金」，但這部分並未被法院採納。法院最終判決元大消防公司需返還款項及利息，其金額與元大消防公司未完成工程的實際損失相關聯，並非額外懲罰。法院的判決是基於實際損失，而非對違約方的懲罰。  判決的基礎在於確認合約未完成，並依此判定需返還款項，而非基於契約中懲罰性違約金的條款。因此，更接近損害賠償的性質。
",2
360,案件_360,"根據提供的判決書內容，契約中提及「懲罰性違約金8,000元」，以及「違約金1,849元」。  雖然判決書中對於這兩項金額的性質並未明確界定，但根據其描述，8000元顯然是「懲罰性違約金」，而1849元則可能是根據契約條款約定的違約金，但性質較接近懲罰性而非完全的損害賠償。

整體而言，雖然有部分金額試圖與實際損害連結，但「懲罰性違約金」的存在，以及缺乏清晰的損害計算方式，使該契約更接近**懲罰性編號1**。  因此，選擇**懲罰性編號1**。
",1
361,案件_361,"根據提供的法院判決書內容，此契約中關於違約金的條款屬於**懲罰性編號1**。

判決書中明確指出，系爭泰熙契約第25條第2項約定：「乙方（即泰熙公司）……於合約終止前完成之工作均不得領款，以充作懲罰性違約金」。  這符合懲罰性違約金的定義：違約方（泰熙公司）即使完成部分工作，其已完成工作的報酬也作為懲罰而被沒收，而非用於補償被上訴人因違約造成的實際損失。  契約中約定的罰則並非基於實際損失計算，而是直接沒收已完成工作的報酬，屬於一種額外的懲罰。  被上訴人所主張的各種費用（修繕、代墊、二次發包等），雖是實際損失，但契約中將已完成工作的報酬直接充作懲罰性違約金，與損害賠償的性質不同。  因此，即使考量到被上訴人因泰熙公司違約所產生的實際損失，契約中關於違約金的條款本身的性質仍然是懲罰性的。
",1
362,案件_362,"根據提供的判決書內容，210萬元的款項性質最接近**懲罰性編號1**。

判決書中，法院認定210萬元為「遲延罰金」，且其計算方式為「按日以總工程承攬之金額千分之一計算」，此計算方法與實際損害無直接關聯，更像是對違約行為的懲罰。  雖然判決書最後駁回了上訴人請求210萬元的請求，但這不改變其性質為懲罰性違約金的事實。法院駁回的原因是基於雙方合意終止契約，而非210萬元本身不屬於懲罰性違約金。


儘管契約中將此款項稱作履約保證金，但根據法院的判決理由，因被上訴人已依協議書無條件退場，且上訴人未就其權利保留，因此上訴人無權要求返還履約保證金。法院的判決更側重於合約終止的效力，而不是履約保證金本身的性質。因此，從判決書的論述中，210萬元款項的性質更趨向於懲罰性違約金。
",1
363,案件_363,"根據提供的法院判決書內容，應歸類為**損害賠償性編號2**。

雖然判決書中提及了多項違約金，例如工程逾期違約金、材料文書資料送審逾期違約金、施工期間未繳納之裁罰款及品質缺失懲罰性違約金等，但這些違約金的計算方式都與實際發生的損失或費用相關聯，並非單純的懲罰。  法院也最終根據實際損失，計算蕙君公司應得的工程款。  判決書的重點在於釐清雙方責任，並據此計算應付款項，而非單純對違約方進行懲罰。  因此，儘管有違約金的條款，但整體來看，更符合損害賠償的性質。
",2
364,案件_364,"根據提供的判決書內容，關於履約保證金877,000元的部分，法院認定其性質為**損害賠償性編號2**。

判決書中，法院明確指出履約保證金的性質並非懲罰性，而是依據契約第21條第4項的規定，用於抵償被告因原告違約而產生的實際損失。法院計算了被告的實際損失（包含後續工程費用及搶修費用），並從中扣除原告應得的工程款，最終確定被告應返還原告部分履約保證金。  這符合損害賠償性的定義，即用於補償實際損失，而非額外懲罰。  雖然契約中提到「不予發還」履約保證金的條款，但法院基於事實和法律的審查，最終判決返還部分保證金，顯示法院並未將該條款完全視為懲罰性條款。
",2
365,案件_365,"根據提供的判決書內容，此判決屬於**損害賠償性編號2**。

雖然判決書中提及「每日罰款一萬元」，看似懲罰性違約金，但法院最終將此罰款認定為「懲罰性違約金」，並根據民法第252條，將其金額酌減至「系爭契約承包總價142萬元之20％」，即28萬4,000元。  這顯示法院並未直接執行契約中約定的懲罰性罰款，而是考量了實際損害後進行了調整，最終判決金額是基於雙方實際的工程款、追加工程款、以及經過法院酌減的違約金的計算結果。  這符合損害賠償性違約金的定義，其目的是補償實際損失，而非單純懲罰違約方。  法院的判決過程也詳細審查了雙方提出的證據和主張，最終判決金額與實際的工程爭議密切相關。
",2
366,案件_366,"根據提供的內容，此判決涉及的金額計算方式更接近**損害賠償性編號2**。

雖然契約中提及「逾期懲罰性違約金」，但判決書並未直接採用契約中約定的20%懲罰性違約金，而是根據實際逾期天數（經法官審理後認定為13天），按日計算違約金，金額遠低於契約約定的上限。  法官仔細審理了造成逾期完工的原因，並根據可歸責於雙方的責任比例，最終計算出較低的違約金金額。這與損害賠償性違約金的定義更為相符，旨在補償因違約造成的實際損失，而非單純懲罰違約方。  判決中對於間接工程費的計算也基於實際情況和契約條款，而非一個預設的固定數額。


雖然契約中存在懲罰性違約金條款，但法院的最終判決並未照單全收，而是根據事實和法律進行了調整，更偏向損害賠償的性質。
",2
367,案件_367,"本判決書內容屬於**損害賠償性編號2**。

雖然契約中約定了懲罰性違約金，法院也認定其部分違約金屬懲罰性，但最終判決結果是**酌減**了懲罰性違約金，並將其認定為應返還的溢扣款項。  法院的判決著重於賠償被上訴人因契約爭議而遭受的實際損失，例如減項部分的服務費以及因違約金被過度扣除的款項。  判決中多次提及「實際損害」、「溢扣」、「返還」等詞彙，並依據民法第179條（不當得利）進行判決，而非單純地執行契約中的懲罰性條款。  因此，儘管契約中存在懲罰性條款，但法院的判決更傾向於損害賠償性質。
",2
368,案件_368,"根據提供的法院判決書內容，更接近**損害賠償性編號2**。

判決書中，雖然多次提及「違約金」以及「扣罰」，但法院最終判決結果是基於釐清雙方責任、實際損失以及契約條款的解釋，並非單純地對違約方施加懲罰性罰款。  法院針對各項爭議逐一審理，並考量了實際情況和損失，例如：

* **土方回填逾期:**  法院並未完全採納原約定的違約金計算方式，而是依民法第252條酌減至合理的數額。這顯示法院重視的是實際損害的補償，而非單純的懲罰。
* **土石標售:** 法院認定水利署要求補繳的金額及懲罰性違約金缺乏法律依據，判決應予返還，這也是基於損害賠償的原則。
* **鑑定費用:** 法院根據鑑定結果，判決水利署應負擔部分鑑定費用，這也是基於責任比例分擔的損害賠償原則。
* **碎石級配粒料費用利息:** 法院認為水利署要求返還利息缺乏法律依據，判決應予返還。
* **實作數量計價:** 法院審理後，只准許了部分基於實際工程量的追加款項，駁回了其他不符合契約或證據不足的請求。
* **修補戧台護坡:** 法院基於責任比例及不當得利原則判決水利署支付部分費用，而非懲罰性賠償。


雖然契約中可能存在一些懲罰性違約金的條款，但法院的判決著重於根據事實和法律來確定雙方的損失和責任，並據此作出損害賠償的判決，因此更接近損害賠償性的分類。
",2
369,案件_369,"根據判決書內容，案件涉及的是**損害賠償性違約金編號2**。

雖然判決書中提及系爭契約第6條約定違約金，並提及原告請求210萬元違約金，但法院最後將違約金酌減至30萬元，並說明此為考量「兩造因對造一部履行所受之利益，以及系爭工程總價與未完成部分之約定報酬金額與比例」後，認為210萬元過高，與原告所受損害不相當的結果。

法院的裁決顯示，法院並未直接認定210萬元為懲罰性違約金，而是根據民法第252條，將其酌減至一個法院認為與實際損害相當的金額(30萬元)。  這與懲罰性違約金的定義(不與實際損失掛鉤，金額遠超實際損害)相違背。  因此，雖然契約中約定看似懲罰性違約金，但法院的最終判決將其處理為損害賠償性違約金，且金額也符合損害賠償性的標準(在合理範圍內)。
",2
370,案件_370,"本判決書內容屬於**懲罰性編號1**。

雖然判決書中提及罰金（新台幣拾伍萬元）及義務勞務（肆拾小時），但這些並非直接與實際損失掛鉤的賠償。  判決的目的是對沈文星、沈良益的違法行為（行使業務登載不實文書罪）進行處罰，而非補償○○鄉公所的實際經濟損失。  判決書中也詳細說明了檢方關於詐欺取財罪的指控未能成立的原因，即未能證明被告因此獲得不法利益。  因此，法院判處的罰金和義務勞務更傾向於懲罰性而非損害賠償性。  其金額與實際造成的損害之間並無直接的因果關係和比例關係。
",1
371,案件_371,"根據提供的判決書內容，此判決結果包含**懲罰性違約金(編號1)**和**損害賠償性違約金(編號2)**兩種性質的賠償。

* **損害賠償性(編號2):**  判決書中，1048600 元的違約金部分，法院認定其為「損害賠償額預定性質之違約金」，基於被告逾期完工的事實，並考量到原告因此遭受的損失（租金、延遲開業損失等），判決此部分違約金合理。這符合損害賠償性違約金的定義。

* **懲罰性(編號1):** 判決書中，105000 元的違約金部分，法院認定其為「懲罰性違約金」，源於被告未能在約定期限內提供防火材料證明。法院雖然考量了實際損失，但最終判決的金額是對被告違約行為的額外懲罰，並非完全基於實際損害的合理比例。這符合懲罰性違約金的定義，雖然法院有酌減。


因此，這個案例同時包含了編號1和編號2兩種性質的違約金。  如果必須選擇最接近的分類，則選擇**懲罰性編號1**，因為判決書中包含了懲罰性違約金的成分。  儘管有損害賠償性違約金的部分，但懲罰性違約金的存在使得「懲罰性編號1」更為貼切。
",2
372,案件_372,"根據提供的判決書內容，**違約金部分屬於懲罰性違約金 (編號1)**。

判決書中提到，系爭工程契約約定逾期違約金計算方式為「每日依契約價金總額千分之一計算」。雖然法院最終以結算後的實際金額3,273萬647元為基準計算違約金（13萬923元），但契約本身的約定方式，是以總價的一定比例計算，而非基於實際損失。  這種比例計算方式，更接近懲罰性違約金的定義，因為它與實際因延遲造成的損失沒有直接且明確的關聯性。  即使法院最終的計算結果可能在損害賠償的合理範圍內，但契約約定的計算方式本身具有懲罰性的特徵。

至於材料費部分，判決書是基於契約約定以及實際領用與歸還數量差異進行計算，較符合損害賠償的性質。然而，整體考量違約金的計算方式，最終判斷此契約違約金條款更接近**懲罰性編號1**。
",1
373,案件_373,"根據提供的判決書內容，法院判決被告應給付原告新臺幣伍仟柒佰玖拾萬貳仟肆佰零玖元，以及利息。這筆款項包含了：

* **溢扣之逾期違約金：**5,668萬5,899元。這是因原告逾期完工，被告依契約約定扣罰的款項，但法院部分認可原告展延工期的主張，因此判決被告應返還部分違約金。  雖然契約中提到“懲罰性違約金”，但法院的判決是基於對實際損失的計算，並非單純的懲罰。
* **展延工期工程管理費：**115萬8,581元。這是基於契約約定，因工期展延而產生的合理費用。
* **營業稅：**5萬7,929元。這是基於應付款項而產生的稅金。

法院的判決金額是根據雙方契約條款，以及法院對展延工期合理性的判斷後，計算出的實際損失和相關費用。雖然契約中存在“懲罰性違約金”的條款，但法院並未全盤採納，而是根據實際情況作了調整。

因此，儘管契約中存在懲罰性違約金的條款，但本案的判決結果更接近**損害賠償性編號2**。  法院的判決目的是補償原告因被告違約而產生的實際損失，而非單純對違約方進行懲罰。
",2
374,案件_374,"根據提供的判決書內容，違約金性質屬於**懲罰性編號1**。

判決書中明確指出系爭契約第十七條第一款約定為「懲罰性違約金」。  雖然判決書也討論了違約金金額是否過高，以及是否應酌減，但這並未改變違約金本身是懲罰性的本質。  判決書的重點在於計算違約金的正確天數，以及最終裁定不需酌減，而非判斷違約金的性質。  契約條款中以每日總價金千分之一計算逾期違約金，且設定了20%的最高上限，這與損害賠償的比例原則並不完全相符，更傾向於懲罰性違約金的設定。  因此，即使經過法院審理，違約金仍保持其懲罰性的性質。
",1
375,案件_375,"根據提供的判決書內容，案件的核心爭議在於長鴻公司將工程款債權讓與給原告等下包商是否有效，以及被告（臺北市政府）是否有權利從工程款中扣除因長鴻公司違約所造成的損失。

判決書中，被告主張的扣除項目包含：貸款利息、拆遷戶補助、整地工程費用、介面轉換費、工區保全費用等，以及逾期違約金。這些費用有些是因長鴻公司違約導致工程延誤或終止而產生的額外支出，有些則是根據契約約定可從工程款中扣除的費用。  雖然部分費用（例如逾期違約金）具有懲罰性質，但整體來看，被告的請求並非單純的懲罰，而是試圖將因長鴻公司違約所造成的實際損失從工程款中扣除。

因此，儘管判決書中提及「懲罰性違約金」，但更貼切的分類是**損害賠償性編號2**。  被告的請求主要目的是補償因長鴻公司違約而導致的實際損失，並非單純的懲罰性措施。  雖然部分金額計算方式可能存在爭議，但最終判決結果是基於損害賠償的原則，衡量雙方權利義務後所作出的裁決。
",2
376,案件_376,"根據提供的法院判決書內容，此判決結果屬於**損害賠償性編號2**。

判決書中，法院判決金門樂活假期酒店股份有限公司應給付原告新台幣200萬元，此金額並非基於懲罰性目的，而是基於原告主張的系爭終止協議無效，金門樂活酒店已無法律根據受領200萬元款項，因此判決其應返還。法院詳細審理了雙方契約履行情況、協議效力，並非單純地判罰違約金，而是基於實際損失（不當得利）做出的判決。  雖然判決書中提及金門縣政府對金門樂活酒店的裁罰，但這與法院最終判決的200萬元並無直接的因果關係，法院並未將此裁罰金額納入判決賠償範圍內。  因此，判決結果更接近損害賠償的性質，而非懲罰性違約金。
",2
377,案件_377,"根據提供的法院判決書內容，無法直接判斷契約中的違約金條款是懲罰性(編號1)還是損害賠償性(編號2)。判決書著重於事實認定和法律適用，並未針對契約中違約金條款的性質進行明確的界定。

判決書中提到被上訴人(吉安開發建設)主張上訴人(一百營造)應支付逾期違約金828萬元，並最終判決上訴人應支付690萬元違約金。但判決書並沒有明確說明這828萬元（或690萬元）是如何計算出來的，以及它是否與一百營造實際造成的損失成比例。  因此，無法根據提供的資訊，將其歸類為懲罰性或損害賠償性違約金。

為了更準確的分類，需要查看原契約中關於違約金的具體條款，才能判斷其性質。  基於無法確定，我選擇最接近的分類：**懲罰性編號1**，因為判決書中提及的違約金金額較高，且未詳細說明計算依據，更接近懲罰性違約金的特點。但這僅是推測，並非肯定的結論。
",1
378,案件_378,"根據提供的判決書內容，判斷其性質更接近**損害賠償性編號2**。

雖然判決書中提及「沒入履約保證金」，以及計算了因違約造成的損失（重新發包費用等），但法官最終判決的金額746萬6545元是基於雙方損益抵銷後的結果。法官仔細審查了被告提出的各種損失項目，並一一判斷其是否合理及與原告違約之間的因果關係，最終只認可了部分損失請求。  這與懲罰性違約金的定義（金額遠超過實際損失，無關聯性）有所不同。  法官的判決著重於賠償因違約造成的實際損失，而非對違約方進行額外的懲罰。  因此，儘管契約中可能存在懲罰性條款，但法院的判決結果更符合損害賠償性的特徵。
",2
379,案件_379,"根據提供的判決書內容，這屬於**損害賠償性編號2**。

雖然判決書中提及許多違約金計算，看起來金額很高(202萬8,616元)，但判決書的核心是基於**契約約定**與**實際違約行為**所造成的**實際損失**來計算違約金。法院並未單純以懲罰為目的來決定金額，而是仔細審理了雙方提出的證據，並針對各項違約情事逐一判斷其是否構成違約，以及應負擔的違約金金額，最終裁定202萬8,616元。這個金額是基於各項違約行為（例如：送審資料逾期、工程進度遲延等）所計算出的累計結果，並非一個預設的固定罰款。

法院也駁回了部分上訴人提出的違約金請求，這顯示法院並非傾向於無限上綱地支持懲罰性違約金。  法院更詳細分析了履約保證金與違約金的區別，說明履約保證金並非直接等同於違約金。  這些都指向損害賠償性的性質。


雖然金額看起來很大，但這並不能單純認定為懲罰性違約金。  要判斷是否為懲罰性違約金，需要考慮違約金金額是否遠遠超過實際損失的合理比例。而判決書中已經針對每項違約事實進行了詳細的計算和分析，儘管最終的金額很高，但它是基於法院對實際損失的判斷得出的。  因此，在缺乏更明確的證據顯示該金額遠超過實際損失的合理比例前，將其歸類為損害賠償性更為合理。
",2
380,案件_380,"此判決內容屬於**損害賠償性編號2**。

雖然判決中提及「懲罰性違約金」，並最終對履約保證金做出酌減至20%的處理，但判決的本質是基於計算實際損失後，對雙方權利義務的調整。法院並非直接對違約方施加額外懲罰，而是根據契約條款、實際損害和違約事實進行審理，最終判決的金額(33萬3476元)是基於被上訴人因上訴人違約而產生的實際損失（包含重新發包費用、拆除不合格工程的費用等）計算得來，並考量了上訴人已完成的部分工程款。  即使履約保證金部分被認定有懲罰性違約金的性質，法院也依法進行了減額處理，使其更接近實際損失的範圍。因此，整體而言，更符合損害賠償性的定義。
",2
381,案件_381,"根據提供的內容，判決結果是基於契約中「因可歸責於乙方之事由，致甲方遭受損害者，乙方應負賠償責任」的條款，並非「逾期懲罰性違約金」。判決要求上訴人(冠君營造) 賠償被上訴人(新北市政府) 因事故已支付的國家賠償金額703萬9,540元及其利息。

這個金額是基於被上訴人因上訴人(承包商)的過失而支付的實際損失，旨在彌補被上訴人的損失，而非對上訴人進行額外的懲罰。雖然金額巨大，但它直接與上訴人的過失導致的實際財務損失相關聯。因此，更接近**損害賠償性編號2**。
",2
382,案件_382,"根據提供的判決書內容，法院最終判決被上訴人應給付上訴人新台幣壹佰貳拾萬元，並認定這是**懲罰性違約金(編號1)**，而非損害賠償。

判決書中明確指出，該金額是基於契約第20條第1項第3款，因被上訴人違反不得轉包之規定而判定的「懲罰性違約金」，原求償金額為341萬2000元，但法院考量實際情況後酌減至120萬元。  雖然判決書也提及履約保證金的性質，但法院最終的判決重點並不在於保證金的返還，而在於因違約而應支付的懲罰性違約金。 因此，即使履約保證金已返還，法院仍判決需支付額外的懲罰性違約金，此金額與實際損害並無直接關聯，符合懲罰性違約金的定義。  法院也明確說明，即使保證金已發還，但因違約行為仍需支付懲罰性違約金。

因此，本判決最接近**懲罰性編號1**。
",1
383,案件_383,"根據提供的判決書內容，此案例中的違約金條款 **最接近懲罰性違約金 (編號1)**。

雖然判決中法院最終將違約金數額降低至品管費用的30%，但這並不能改變其最初設定的性質。契約中約定的違約金計算方式是根據逾期天數乘以品管費用千分之一，最高上限為品管費用總額。此計算方式與實際損害的連結性較弱，更像是一種對違約行為的懲罰，而非對實際損失的精確補償。  法院的減額行為是基於民法第252條關於違約金過高的規定，而非因為該違約金本質上屬於損害賠償性。  契約條款中明確提及“懲罰性違約金”，也符合懲罰性違約金的定義。  即使最終金額被降低，其初始設定的目的是對違約行為的懲罰，而非僅僅補償損失。
",0
384,案件_384,"這份文件是**法院判決書**，而非契約本身。判決書闡述了法院對雙方爭議的裁決，其中涉及了違約金的計算與抵銷。雖然判決書引用了契約內容，但其本身並非契約。

判決書中，法院認定契約中關於逾期完工的違約金條款為**懲罰性違約金**(編號1)，並非損害賠償性違約金。法院計算了違約金的金額（270萬元），並將其與工程款項進行抵銷。

雖然判決書最後認定應支付的金額(653萬元) 並未明顯超過實際損失的合理比例，但這並非判斷違約金性質的依據。關鍵在於法院對契約中違約金條款的認定，法院已經明確將其歸類為「懲罰性違約金」。  因此，根據提供的分析依據及判決書內容，最接近的分類為**懲罰性編號1**。
",1
385,案件_385,"根據提供的判決書內容，這屬於**損害賠償性編號2**。

雖然判決結果涉及巨額款項，但判決書的核心在於釐清因仲裁人收賄及相關當事人偽造文書導致的損害，並據此判決被告需賠償新北市政府因仲裁錯誤所支付的款項及其利息。  這些賠償金額，雖然金額龐大，但其目的並非懲罰，而是基於實際損失（因不法仲裁而多付的款項）來進行賠償。判決書中詳細計算了損失金額的組成部分，並非預設的固定金額，符合損害賠償的特性。  因此，儘管金額巨大，但更符合損害賠償的定義，而非懲罰性違約金。
",2
386,案件_386,"This is a court decision, not a contract.  Therefore, the criteria for ""punitive"" or ""compensatory"" damages do not apply. The document describes penalties imposed by a court in a criminal case (fines, imprisonment, forfeiture of assets).  While these penalties might have a relationship to the losses caused by the crimes, they are fundamentally punitive measures decided by the court, not agreed upon compensation in a contract.  Therefore, the closest classification is: **懲罰性編號1 (Punitive No. 1)**
",1
387,案件_387,"此判決內容最接近**損害賠償性編號2**。

雖然判決中提及「違約金」，但法院並未完全採納原告請求的全部違約金，而是將其大幅降低至100,000元。法院的裁決基於對實際損失的計算和考量，並未單純以懲罰為目的。  法院根據契約條款、鑑定報告，以及雙方行為，最終判決的金額是基於實際損失的計算（工程款、設計費、監造費的差額），並酌減了原告請求的過高違約金。這更符合損害賠償的性質，而非單純的懲罰。  因此，儘管契約中存在懲罰性違約金條款，但法院的最終判決結果更傾向於損害賠償的性質。
",2
388,案件_388,"本判決書內容並非關於契約違約金的計算或認定，而是關於再審訴訟程序的判決。判決書中提及的「601萬8,323元」是再審原告主張再審被告應給付的金額，其性質屬於原工程款項爭議的範圍，並非違約金。因此，本內容與**懲罰性編號1**及**損害賠償性編號2**皆無直接關聯。

但若要強行分類，考量判決書中提到「懲罰性違約金」，且金額龐大，更接近**懲罰性編號1**。然而，這個懲罰性違約金是原確定判決中的一部分，再審訴訟並未針對其性質進行討論，僅在爭議原確定判決的正誤。因此，選擇**懲罰性編號1**只是基於文中提及「懲罰性違約金」一詞，並非代表此金額實際上具有懲罰性。
",2
389,案件_389,"根據提供的判決書內容，此判決結果更接近**損害賠償性編號2**。

雖然判決書中提及「違約金」，但法院最終判決的金額 957萬7107 元，是基於上訴人提出的「漏項」工程款請求，並經鑑定報告佐證後認定。  法院的判決並非直接採用原契約中的違約金條款，而是根據實際的損失（漏項工程款）來判決。  這更符合損害賠償的性質，而非對違約方的懲罰。  判決中，關於逾期違約金的部分，法院也做了詳細的分析，並未直接認定為懲罰性違約金，而是基於契約條款及實際情況進行判斷。

雖然契約中存在懲罰性違約金條款的可能性，但法院的最終判決更偏向於根據實際損失進行賠償，因此選擇損害賠償性編號2 更為貼切。
",2
390,案件_390,"根據提供的法院判決書內容，這屬於**損害賠償性編號2**。

雖然判決書中提及「懲罰性違約金」，但在本案中，法院最終判決的金額是基於被上訴人代償貸款的實際金額，並考量了利息和強制執行程序中已獲得的部分款項。法院明確地計算了被上訴人因上訴人違約而實際遭受的損失，並將此作為判決的基礎。  法院也考量了被上訴人因強制執行程序已獲得的款項，並以此進行抵銷，最後判決的金額並非額外懲罰，而是基於實際損失的補償。  因此，儘管合約中存在懲罰性違約金條款，但最終判決並未以此作為判決依據。  判決的重點在於債權債務的清理及不當得利的返還，而非對違約行為的懲罰。
",2
391,案件_391,"根據提供的法院判決書內容，案件的核心爭議在於上訴人主張被上訴人因系爭變更追加工程而受有利益，應依不當得利返還款項。判決書詳細審理了上訴人提出的每一項追加費用，並逐一駁回其請求，理由是這些費用不是被上訴人要求的，或者已經包含在原合約總價中，或者上訴人未能舉證證明被上訴人因此受有利益。

判決書中並未提及任何懲罰性違約金或罰款。所有爭議金額都與上訴人聲稱的實際支出相關，法院審查的重點在於這些支出是否構成被上訴人的不當得利。因此，儘管金額累計較高，但最終判決仍然是基於實際損失（或聲稱的損失）的賠償，而非懲罰。

因此，最接近的分類是**損害賠償性編號2**。
",2
392,案件_392,"根據提供的判決書內容，被告主張的「其他缺失懲罰性違約金12萬8000元」符合懲罰性違約金的定義（編號1）。  其他金額的請求，例如逾期違約金、開挖費用、鑑定費用等，則主要基於實際損失或契約約定而請求，屬於損害賠償性（編號2）。

雖然判決結果中，部分金額認定為被告有理，但其依據並非單純的懲罰，而是基於契約約定及實際發生的損失進行計算。因此，整體而言，最接近的分類是**懲罰性編號1**，因為判決中明確包含了被告所主張的「懲罰性違約金」。
",2
393,案件_393,"本判決內容屬於**損害賠償性編號2**。

雖然判決結果金額看似較高，但判決書詳細闡述了計算過程，並基於契約條款、雙方主張和證據，對原告請求的各項費用（設計費、監造費、許可證費用）逐一進行分析，並考量被告主張的抵銷與扣除部分，最終判決金額501,988元是經過多項因素考量後的結果，並非單純的懲罰性罰金。  判決書中明確說明了扣除監造不確實的費用，這更符合損害賠償的性質，而非懲罰。  判決書的論述著重於釐清原告和被告雙方責任，並據此決定賠償金額，而非單純對違約方進行懲罰。
",2
394,案件_394,"根據提供的法院判決書內容，屬於**損害賠償性編號2**。

判決書中，被告需支付原告的款項是基於工程契約中約定的付款比例，並非額外罰金。雖然判決書中提及被告因原告逾期完工而應支付的款項，但法院已根據契約約定，計算出合理的逾期損失金額 (按每日工程總價千分之一計算，並以總工程款10%為上限)，並將此金額與原告的工程款項進行抵銷。這符合損害賠償性違約金的定義，其目的是補償因違約行為造成的實際損失，而非對違約方進行懲罰。  金額並未遠超過實際損害的合理比例。


總之，法院的判決是基於契約約定和實際損失來計算賠償金額，而非單純的懲罰。因此，更符合損害賠償性的分類。
",2
395,案件_395,"本案屬於**懲罰性編號1**。

雖然判決書中涉及追徵犯罪所得，金額也與實際損失相關，看似符合損害賠償性違約金的某些特徵。但判決書的核心是關於貪污治罪條例的刑事案件，追徵犯罪所得是國家追回不法所得的措施，與契約違約金的性質不同。契約違約金旨在彌補損失，而追徵犯罪所得則具有懲罰和制裁的意味，目的是對犯罪行為進行懲罰，並非僅僅為了賠償受害方的經濟損失。  因此，儘管部分描述與損害賠償性違約金有相似之處，但整體而言更符合懲罰性的定義。
",1
396,案件_396,"根據提供的判決書內容，此判決屬於**損害賠償性編號2**。

判決書中，法院認定被告應給付原告新台幣330萬3240元，這是基於系爭契約第7條第3項，即消防檢查通過後應給付的工程款項（契約總價的30%）。法院仔細審理了雙方爭執的工程是否完工、是否有瑕疵等問題，並最終根據契約及事實認定原告僅能獲得消防檢查通過款，而非全部工程款。  這個金額是基於契約約定和實際情況（消防檢查通過）所產生的損失來計算的，並非額外的懲罰性違約金。  雖然判決書中提及契約中存在懲罰性違約金的條款，但法院並未以此為基礎判決，而是根據實際損失來計算賠償金額。因此，判決結果與損害賠償性違約金的定義更為接近。
",2
397,案件_397,"根據提供的判決書內容，系爭契約中關於沒收履約保證金的條款屬於**懲罰性編號1**。

判決書中明確指出，該契約約定因可歸責於承攬方(上訴人)的事由致全部終止契約時，即賦予發包方(被上訴人)不予發還全部履約保證金之契約效果，**而不以發包人實際發生損害為必要**。  契約條款本身並未將違約金金額與實際損害金額連結，而是直接沒收履約保證金(契約總價的10%)。  雖然判決書中提及被上訴人聲稱因上訴人違約造成約3,035,361元的損害，但這只是被上訴人主張的損害，並非契約中違約金計算的依據。  契約條款的設計是為了懲罰違約行為，而非單純補償實際損失。 因此，更符合懲罰性違約金的定義。
",1
398,案件_398,"此判決書內容描述的是**損害賠償性編號2**。

雖然判決書中提及履約保證金「不予發還」，且提及被上訴人因需另行發包而增加費用501萬元，但法院的判決並非基於懲罰上訴人的目的。  法院的論述重點在於：

1. **上訴人違約在先:**  法院認定上訴人未依約履行申報開工等義務，其終止契約行為不合法，被上訴人解除契約是合法的。

2. **履約保證金的性質:** 法院詳細分析了契約中關於履約保證金的條款，並指出其性質是「沒收約款」，在違約情況下不予返還。  但法院強調，即使將履約保證金視為違約金，其金額（191萬9千元）相較於契約總價（1919萬元）及被上訴人因違約增加的費用（501萬元），並不算過高，並未超出合理損害賠償的範圍。

因此，儘管契約中存在「沒收履約保證金」的條款，且看似懲罰性，但法院的判決是基於契約條款及上訴人違約的事實，以補償被上訴人實際損失為目的，而非單純懲罰上訴人。  因此更接近損害賠償性的分類。
",2
399,案件_399,"根據提供的法院判決書內容，判決結果顯示法院認定契約中的違約金為**懲罰性違約金（編號1）**。

判決書中明確指出：「系爭甲勞動契約第6條第4項、系爭切結書所約定之違約金為懲罰性違約金」，並且法院也根據此性質進行了違約金金額的審酌，並非完全基於實際損失計算。雖然法院最後有針對被上訴人林榮逢的違約金金額進行酌減，但這並不改變違約金本身性質為懲罰性的判斷。  法院的判決依據是契約中明確約定違約金為懲罰性違約金，並考量違約情節的嚴重性來決定金額是否過高，而非單純的損害賠償。
",1
400,案件_400,"根據提供的判決書內容，應判斷為**損害賠償性編號2**。

雖然判決書中提及「逾期違約金23萬4,000元」，但法院的判決理由充分說明了此違約金的性質。法院認定系爭契約第4條所約定的違約金是「預定債務不履行之損害賠償總額」，並非懲罰性違約金。  法院根據契約條款及內政部營建署公告的標準計算違約金，並考量了工程延誤的實際原因和期間，最終判決的金額57萬2,550元是由「溢領之工程款33萬8,550元」和「逾期違約金23萬4,000元」組成，這都與實際損失直接相關。  法院並沒有額外判處任何超出實際損失的罰款。


因此，儘管契約中存在「違約金」條款，但根據法院的最終判決和理由說明，其性質更傾向於損害賠償，而非懲罰。  法院的判決結果和理由都指向損害賠償性的違約金計算方式，並非對違約方進行額外懲罰。
",2
401,案件_401,"這份判決書內容描述的是**損害賠償性編號2**。

雖然判決書中涉及金額很大 (新臺幣壹仟壹佰壹拾陸萬陸仟壹佰貳拾陸元)，且牽涉到多項違約事項，但判決書的論述著重於計算隆基公司等三家公司因違約行為(非法棄運土方、偽造文件、基樁載重試驗不符規範、逾期完工)而造成的**實際損失**。法院逐條分析了各項違約行為，並計算對應的損失金額，最後判決的金額是基於這些計算得出的結果。這與懲罰性違約金的定義不符，懲罰性違約金通常與實際損失無關，而旨在懲罰違約方。  判決書中雖然提到了逾期違約金，但法院也詳細分析了其計算依據和是否合理，並非簡單的額外罰款。


因此，儘管金額巨大，但其本質更接近於對實際損失的賠償，而非對違約行為的額外懲罰。
",2
402,案件_402,"根據判決書內容，法院認定系爭違約金性質為**損害賠償預定性違約金（編號2）**，而非懲罰性違約金。

雖然契約中使用了「罰款」等詞彙，且計算方式為按日計算，但法院最終根據以下幾點判定其為損害賠償預定性違約金：

1. **契約未明確約定為懲罰性違約金：** 契約中雖有每日罰款的計算方式，但並未明確指出該違約金具有懲罰性質。
2. **法院考量實際損失：** 法院審酌了被上訴人因承包商逾期完工而實際發生的損失（包含監造費用增加和臨時分駐所費用），並以此為依據，酌減違約金金額。這顯示法院並非單純依契約約定處罰違約方，而是考量了實際的損害情況。
3. **民法第252條的適用：** 法院引用民法第252條（約定之違約金額過高者，法院得減至相當之數額），並基於此條款對違約金金額進行了酌減。這也顯示法院認為該違約金並非純粹的懲罰，而是具有損害賠償的性質，因此可以根據實際情況進行調整。

因此，儘管契約中部分條款看起來像懲罰性違約金，但法院的最終判決明確將其歸類為損害賠償預定性違約金，更符合損害賠償性編號2 的描述。
",2
